duration,protocol_type,service,flag,src_bytes,dst_bytes,land,wrong_fragment,urgent,hot,num_failed_logins,logged_in,num_compromised,root_shell,su_attempted,num_root,num_file_creations,num_shells,num_access_files,num_outbound_cmds,is_host_login,is_guest_login,count,srv_count,serror_rate,srv_serror_rate,rerror_rate,srv_rerror_rate,same_srv_rate,diff_srv_rate,srv_diff_host_rate,dst_host_count,dst_host_srv_count,dst_host_same_srv_rate,dst_host_diff_srv_rate,dst_host_same_src_port_rate,dst_host_srv_diff_host_rate,dst_host_serror_rate,dst_host_srv_serror_rate,dst_host_rerror_rate,dst_host_srv_rerror_rate
0,tcp,http,SF,181,5450,0,0,0,0,0,1,0,0,0,0,0,0,0,0,0,0,8,8,0,0,0,0,1,0,0,9,9,1,0,0.11,0,0,0,0,0
0,tcp,http,SF,239,486,0,0,0,0,0,1,0,0,0,0,0,0,0,0,0,0,8,8,0,0,0,0,1,0,0,19,19,1,0,0.05,0,0,0,0,0
0,tcp,http,SF,235,1337,0,0,0,0,0,1,0,0,0,0,0,0,0,0,0,0,8,8,0,0,0,0,1,0,0,29,29,1,0,0.03,0,0,0,0,0
0,tcp,http,SF,219,1337,0,0,0,0,0,1,0,0,0,0,0,0,0,0,0,0,6,6,0,0,0,0,1,0,0,39,39,1,0,0.03,0,0,0,0,0
0,tcp,http,SF,217,2032,0,0,0,0,0,1,0,0,0,0,0,0,0,0,0,0,6,6,0,0,0,0,1,0,0,49,49,1,0,0.02,0,0,0,0,0
0,tcp,http,SF,217,2032,0,0,0,0,0,1,0,0,0,0,0,0,0,0,0,0,6,6,0,0,0,0,1,0,0,59,59,1,0,0.02,0,0,0,0,0
0,tcp,http,SF,212,1940,0,0,0,0,0,1,0,0,0,0,0,0,0,0,0,0,1,2,0,0,0,0,1,0,1,1,69,1,0,1,0.04,0,0,0,0
0,tcp,http,SF,159,4087,0,0,0,0,0,1,0,0,0,0,0,0,0,0,0,0,5,5,0,0,0,0,1,0,0,11,79,1,0,0.09,0.04,0,0,0,0
0,tcp,http,SF,210,151,0,0,0,0,0,1,0,0,0,0,0,0,0,0,0,0,8,8,0,0,0,0,1,0,0,8,89,1,0,0.12,0.04,0,0,0,0
0,tcp,http,SF,212,786,0,0,0,1,0,1,0,0,0,0,0,0,0,0,0,0,8,8,0,0,0,0,1,0,0,8,99,1,0,0.12,0.05,0,0,0,0
0,tcp,http,SF,210,624,0,0,0,0,0,1,0,0,0,0,0,0,0,0,0,0,18,18,0,0,0,0,1,0,0,18,109,1,0,0.06,0.05,0,0,0,0
0,tcp,http,SF,177,1985,0,0,0,0,0,1,0,0,0,0,0,0,0,0,0,0,1,1,0,0,0,0,1,0,0,28,119,1,0,0.04,0.04,0,0,0,0
0,tcp,http,SF,222,773,0,0,0,0,0,1,0,0,0,0,0,0,0,0,0,0,11,11,0,0,0,0,1,0,0,38,129,1,0,0.03,0.04,0,0,0,0
0,tcp,http,SF,256,1169,0,0,0,0,0,1,0,0,0,0,0,0,0,0,0,0,4,4,0,0,0,0,1,0,0,4,139,1,0,0.25,0.04,0,0,0,0
0,tcp,http,SF,241,259,0,0,0,0,0,1,0,0,0,0,0,0,0,0,0,0,1,1,0,0,0,0,1,0,0,14,149,1,0,0.07,0.04,0,0,0,0
0,tcp,http,SF,260,1837,0,0,0,0,0,1,0,0,0,0,0,0,0,0,0,0,11,11,0,0,0,0,1,0,0,24,159,1,0,0.04,0.04,0,0,0,0
0,tcp,http,SF,241,261,0,0,0,0,0,1,0,0,0,0,0,0,0,0,0,0,2,2,0,0,0,0,1,0,0,34,169,1,0,0.03,0.04,0,0,0,0
0,tcp,http,SF,257,818,0,0,0,0,0,1,0,0,0,0,0,0,0,0,0,0,12,12,0,0,0,0,1,0,0,44,179,1,0,0.02,0.03,0,0,0,0
0,tcp,http,SF,233,255,0,0,0,0,0,1,0,0,0,0,0,0,0,0,0,0,2,8,0,0,0,0,1,0,0.25,54,189,1,0,0.02,0.03,0,0,0,0
0,tcp,http,SF,233,504,0,0,0,0,0,1,0,0,0,0,0,0,0,0,0,0,7,7,0,0,0,0,1,0,0,64,199,1,0,0.02,0.03,0,0,0,0
0,tcp,http,SF,256,1273,0,0,0,0,0,1,0,0,0,0,0,0,0,0,0,0,17,17,0,0,0,0,1,0,0,74,209,1,0,0.01,0.03,0,0,0,0
0,tcp,http,SF,234,255,0,0,0,0,0,1,0,0,0,0,0,0,0,0,0,0,5,5,0,0,0,0,1,0,0,84,219,1,0,0.01,0.03,0,0,0,0
0,tcp,http,SF,241,259,0,0,0,0,0,1,0,0,0,0,0,0,0,0,0,0,12,12,0,0,0,0,1,0,0,94,229,1,0,0.01,0.03,0,0,0,0
0,tcp,http,SF,239,968,0,0,0,0,0,1,0,0,0,0,0,0,0,0,0,0,3,3,0,0,0,0,1,0,0,3,239,1,0,0.33,0.03,0,0,0,0
0,tcp,http,SF,245,1919,0,0,0,0,0,1,0,0,0,0,0,0,0,0,0,0,13,13,0,0,0,0,1,0,0,13,249,1,0,0.08,0.03,0,0,0,0
0,tcp,http,SF,248,2129,0,0,0,0,0,1,0,0,0,0,0,0,0,0,0,0,23,23,0,0,0,0,1,0,0,23,255,1,0,0.04,0.03,0,0,0,0
0,tcp,http,SF,354,1752,0,0,0,0,0,1,0,0,0,0,0,0,0,0,0,0,2,2,0,0,0,0,1,0,0,5,255,1,0,0.2,0.04,0,0,0,0
0,tcp,http,SF,193,3991,0,0,0,0,0,1,0,0,0,0,0,0,0,0,0,0,1,1,0,0,0,0,1,0,0,1,255,1,0,1,0.05,0,0,0,0
0,tcp,http,SF,214,14959,0,0,0,0,0,1,0,0,0,0,0,0,0,0,0,0,6,6,0,0,0,0,1,0,0,11,255,1,0,0.09,0.05,0,0,0,0
0,tcp,http,SF,212,1309,0,0,0,0,0,1,0,0,0,0,0,0,0,0,0,0,2,10,0,0,0,0,1,0,0.2,21,255,1,0,0.05,0.05,0,0,0,0
184,tcp,telnet,SF,1511,2957,0,0,0,3,0,1,2,1,0,0,1,0,0,0,0,0,1,1,0,0,0,0,1,0,0,1,3,1,0,1,0.67,0,0,0,0
305,tcp,telnet,SF,1735,2766,0,0,0,3,0,1,2,1,0,0,1,0,0,0,0,0,1,1,0,0,0,0,1,0,0,2,4,1,0,0.5,0.5,0,0,0,0
23,tcp,telnet,SF,104,276,0,0,0,0,5,0,0,0,0,0,0,0,0,0,0,0,1,1,0,0,0,0,1,0,0,1,2,1,0,1,1,0,0,0,0
0,udp,private,SF,28,0,0,1,0,0,0,0,0,0,0,0,0,0,0,0,0,0,1,1,0,0,0,0,1,0,0,73,1,0.01,0.05,0.01,0,0,0,0,0
0,udp,private,SF,28,0,0,3,0,0,0,0,0,0,0,0,0,0,0,0,0,0,2,2,0,0,0,0,1,0,0,74,2,0.03,0.05,0.03,0,0,0,0,0
0,udp,private,SF,28,0,0,3,0,0,0,0,0,0,0,0,0,0,0,0,0,0,3,3,0,0,0,0,1,0,0,75,3,0.04,0.05,0.04,0,0,0,0,0
0,udp,private,SF,28,0,0,3,0,0,0,0,0,0,0,0,0,0,0,0,0,0,4,4,0,0,0,0,1,0,0,76,4,0.05,0.05,0.05,0,0,0,0,0
0,udp,private,SF,28,0,0,3,0,0,0,0,0,0,0,0,0,0,0,0,0,0,5,5,0,0,0,0,1,0,0,77,5,0.06,0.05,0.06,0,0,0,0,0
0,udp,private,SF,28,0,0,3,0,0,0,0,0,0,0,0,0,0,0,0,0,0,6,6,0,0,0,0,1,0,0,78,6,0.08,0.05,0.08,0,0,0,0,0
0,udp,private,SF,28,0,0,3,0,0,0,0,0,0,0,0,0,0,0,0,0,0,7,7,0,0,0,0,1,0,0,79,7,0.09,0.05,0.09,0,0,0,0,0
0,udp,private,SF,28,0,0,3,0,0,0,0,0,0,0,0,0,0,0,0,0,0,8,8,0,0,0,0,1,0,0,80,8,0.1,0.05,0.1,0,0,0,0,0
0,udp,private,SF,28,0,0,3,0,0,0,0,0,0,0,0,0,0,0,0,0,0,9,9,0,0,0,0,1,0,0,81,9,0.11,0.05,0.11,0,0,0,0,0
0,udp,private,SF,28,0,0,3,0,0,0,0,0,0,0,0,0,0,0,0,0,0,10,10,0,0,0,0,1,0,0,82,10,0.12,0.05,0.12,0,0,0,0,0
0,udp,private,SF,28,0,0,3,0,0,0,0,0,0,0,0,0,0,0,0,0,0,11,11,0,0,0,0,1,0,0,83,11,0.13,0.05,0.13,0,0,0,0,0
0,udp,private,SF,28,0,0,3,0,0,0,0,0,0,0,0,0,0,0,0,0,0,12,12,0,0,0,0,1,0,0,84,12,0.14,0.05,0.14,0,0,0,0,0
0,udp,private,SF,28,0,0,3,0,0,0,0,0,0,0,0,0,0,0,0,0,0,13,13,0,0,0,0,1,0,0,85,13,0.15,0.05,0.15,0,0,0,0,0
0,udp,private,SF,28,0,0,3,0,0,0,0,0,0,0,0,0,0,0,0,0,0,14,14,0,0,0,0,1,0,0,86,14,0.16,0.05,0.16,0,0,0,0,0
0,udp,private,SF,28,0,0,3,0,0,0,0,0,0,0,0,0,0,0,0,0,0,15,15,0,0,0,0,1,0,0,87,15,0.17,0.05,0.17,0,0,0,0,0
0,udp,private,SF,28,0,0,3,0,0,0,0,0,0,0,0,0,0,0,0,0,0,16,16,0,0,0,0,1,0,0,88,16,0.18,0.05,0.18,0,0,0,0,0
0,udp,private,SF,28,0,0,3,0,0,0,0,0,0,0,0,0,0,0,0,0,0,17,17,0,0,0,0,1,0,0,89,17,0.19,0.04,0.19,0,0,0,0,0
0,udp,private,SF,28,0,0,3,0,0,0,0,0,0,0,0,0,0,0,0,0,0,18,18,0,0,0,0,1,0,0,90,18,0.2,0.04,0.2,0,0,0,0,0
0,udp,private,SF,28,0,0,3,0,0,0,0,0,0,0,0,0,0,0,0,0,0,19,19,0,0,0,0,1,0,0,91,19,0.21,0.04,0.21,0,0,0,0,0
0,udp,private,SF,28,0,0,3,0,0,0,0,0,0,0,0,0,0,0,0,0,0,20,20,0,0,0,0,1,0,0,92,20,0.22,0.04,0.22,0,0,0,0,0
0,udp,private,SF,28,0,0,3,0,0,0,0,0,0,0,0,0,0,0,0,0,0,21,21,0,0,0,0,1,0,0,93,21,0.23,0.04,0.23,0,0,0,0,0
0,udp,private,SF,28,0,0,3,0,0,0,0,0,0,0,0,0,0,0,0,0,0,22,22,0,0,0,0,1,0,0,94,22,0.23,0.04,0.23,0,0,0,0,0
0,udp,private,SF,28,0,0,3,0,0,0,0,0,0,0,0,0,0,0,0,0,0,23,23,0,0,0,0,1,0,0,95,23,0.24,0.04,0.24,0,0,0,0,0
0,udp,private,SF,28,0,0,3,0,0,0,0,0,0,0,0,0,0,0,0,0,0,24,24,0,0,0,0,1,0,0,96,24,0.25,0.04,0.25,0,0,0,0,0
0,udp,private,SF,28,0,0,3,0,0,0,0,0,0,0,0,0,0,0,0,0,0,25,25,0,0,0,0,1,0,0,97,25,0.26,0.04,0.26,0,0,0,0,0
0,udp,private,SF,28,0,0,3,0,0,0,0,0,0,0,0,0,0,0,0,0,0,26,26,0,0,0,0,1,0,0,98,26,0.27,0.04,0.27,0,0,0,0,0
0,udp,private,SF,28,0,0,3,0,0,0,0,0,0,0,0,0,0,0,0,0,0,27,27,0,0,0,0,1,0,0,99,27,0.27,0.04,0.27,0,0,0,0,0
0,udp,private,SF,28,0,0,3,0,0,0,0,0,0,0,0,0,0,0,0,0,0,28,28,0,0,0,0,1,0,0,100,28,0.28,0.04,0.28,0,0,0,0,0
0,udp,private,SF,28,0,0,3,0,0,0,0,0,0,0,0,0,0,0,0,0,0,29,29,0,0,0,0,1,0,0,101,29,0.29,0.04,0.29,0,0,0,0,0
0,udp,private,SF,28,0,0,3,0,0,0,0,0,0,0,0,0,0,0,0,0,0,30,30,0,0,0,0,1,0,0,102,30,0.29,0.04,0.29,0,0,0,0,0
60,tcp,telnet,S3,125,179,0,0,0,1,1,0,0,0,0,0,0,0,0,0,0,0,1,1,1,1,0,0,1,0,0,1,1,1,0,1,0,1,1,0,0
0,tcp,telnet,RSTO,125,179,0,0,0,1,1,0,0,0,0,0,0,0,0,0,0,0,2,2,0.5,0.5,0.5,0.5,1,0,0,2,2,1,0,0.5,0,0.5,0.5,0.5,0.5
0,tcp,telnet,RSTO,125,179,0,0,0,1,1,0,0,0,0,0,0,0,0,0,0,0,2,2,0,0,1,1,1,0,0,3,3,1,0,0.33,0,0.33,0.33,0.67,0.67
0,tcp,telnet,RSTO,125,179,0,0,0,1,1,0,0,0,0,0,0,0,0,0,0,0,1,1,0,0,1,1,1,0,0,4,4,1,0,0.25,0,0.25,0.25,0.75,0.75
0,tcp,telnet,RSTO,125,179,0,0,0,1,1,0,0,0,0,0,0,0,0,0,0,0,2,2,0,0,1,1,1,0,0,5,5,1,0,0.2,0,0.2,0.2,0.8,0.8
0,tcp,telnet,RSTO,125,179,0,0,0,1,1,0,0,0,0,0,0,0,0,0,0,0,2,2,0,0,1,1,1,0,0,6,6,1,0,0.17,0,0.17,0.17,0.83,0.83
0,tcp,telnet,RSTO,125,179,0,0,0,1,1,0,0,0,0,0,0,0,0,0,0,0,2,2,0,0,1,1,1,0,0,7,7,1,0,0.14,0,0.14,0.14,0.86,0.86
0,tcp,telnet,RSTO,125,179,0,0,0,1,1,0,0,0,0,0,0,0,0,0,0,0,2,2,0,0,1,1,1,0,0,8,8,1,0,0.12,0,0.12,0.12,0.88,0.88
0,tcp,telnet,RSTO,125,179,0,0,0,1,1,0,0,0,0,0,0,0,0,0,0,0,2,2,0,0,1,1,1,0,0,9,9,1,0,0.11,0,0.11,0.11,0.89,0.89
0,tcp,telnet,RSTO,125,179,0,0,0,1,1,0,0,0,0,0,0,0,0,0,0,0,2,2,0,0,1,1,1,0,0,10,10,1,0,0.1,0,0.1,0.1,0.9,0.9
0,tcp,telnet,RSTO,126,179,0,0,0,1,1,0,0,0,0,0,0,0,0,0,0,0,2,2,0,0,1,1,1,0,0,11,11,1,0,0.09,0,0.09,0.09,0.91,0.91
0,tcp,telnet,RSTO,126,179,0,0,0,1,1,0,0,0,0,0,0,0,0,0,0,0,2,2,0,0,1,1,1,0,0,12,12,1,0,0.08,0,0.08,0.08,0.92,0.92
0,tcp,telnet,RSTO,126,179,0,0,0,1,1,0,0,0,0,0,0,0,0,0,0,0,2,2,0,0,1,1,1,0,0,13,13,1,0,0.08,0,0.08,0.08,0.92,0.92
0,tcp,telnet,RSTO,126,179,0,0,0,1,1,0,0,0,0,0,0,0,0,0,0,0,2,2,0,0,1,1,1,0,0,14,14,1,0,0.07,0,0.07,0.07,0.93,0.93
0,tcp,telnet,RSTO,126,179,0,0,0,1,1,0,0,0,0,0,0,0,0,0,0,0,1,1,0,0,1,1,1,0,0,15,15,1,0,0.07,0,0.07,0.07,0.93,0.93
0,tcp,telnet,RSTO,126,179,0,0,0,1,1,0,0,0,0,0,0,0,0,0,0,0,2,2,0,0,1,1,1,0,0,16,16,1,0,0.06,0,0.06,0.06,0.94,0.94
0,tcp,telnet,RSTO,126,179,0,0,0,1,1,0,0,0,0,0,0,0,0,0,0,0,2,2,0,0,1,1,1,0,0,17,17,1,0,0.06,0,0.06,0.06,0.94,0.94
0,tcp,telnet,RSTO,126,179,0,0,0,1,1,0,0,0,0,0,0,0,0,0,0,0,2,2,0,0,1,1,1,0,0,18,18,1,0,0.06,0,0.06,0.06,0.94,0.94
0,tcp,telnet,RSTO,126,179,0,0,0,1,1,0,0,0,0,0,0,0,0,0,0,0,2,2,0,0,1,1,1,0,0,19,19,1,0,0.05,0,0.05,0.05,0.95,0.95
0,tcp,telnet,RSTO,126,179,0,0,0,1,1,0,0,0,0,0,0,0,0,0,0,0,2,2,0,0,1,1,1,0,0,20,20,1,0,0.05,0,0.05,0.05,0.95,0.95
0,tcp,telnet,RSTO,126,179,0,0,0,1,1,0,0,0,0,0,0,0,0,0,0,0,2,2,0,0,1,1,1,0,0,21,21,1,0,0.05,0,0.05,0.05,0.95,0.95
0,tcp,telnet,RSTO,126,179,0,0,0,1,1,0,0,0,0,0,0,0,0,0,0,0,2,2,0,0,1,1,1,0,0,22,22,1,0,0.05,0,0.05,0.05,0.95,0.95
60,tcp,telnet,S3,126,179,0,0,0,1,1,0,0,0,0,0,0,0,0,0,0,0,2,2,0.5,0.5,0.5,0.5,1,0,0,23,23,1,0,0.04,0,0.09,0.09,0.91,0.91
0,tcp,telnet,RSTO,126,179,0,0,0,1,1,0,0,0,0,0,0,0,0,0,0,0,1,1,0,0,1,1,1,0,0,24,24,1,0,0.04,0,0.08,0.08,0.92,0.92
0,tcp,telnet,RSTO,126,179,0,0,0,1,1,0,0,0,0,0,0,0,0,0,0,0,1,1,0,0,1,1,1,0,0,25,25,1,0,0.04,0,0.08,0.08,0.92,0.92
0,tcp,telnet,RSTO,126,179,0,0,0,1,1,0,0,0,0,0,0,0,0,0,0,0,1,1,0,0,1,1,1,0,0,26,26,1,0,0.04,0,0.08,0.08,0.92,0.92
0,tcp,telnet,RSTO,126,179,0,0,0,1,1,0,0,0,0,0,0,0,0,0,0,0,1,1,0,0,1,1,1,0,0,27,27,1,0,0.04,0,0.07,0.07,0.93,0.93
0,tcp,telnet,RSTO,126,179,0,0,0,1,1,0,0,0,0,0,0,0,0,0,0,0,1,1,0,0,1,1,1,0,0,28,28,1,0,0.04,0,0.07,0.07,0.93,0.93
0,tcp,telnet,RSTO,126,179,0,0,0,1,1,0,0,0,0,0,0,0,0,0,0,0,2,2,0,0,1,1,1,0,0,29,29,1,0,0.03,0,0.07,0.07,0.93,0.93
150,tcp,telnet,SF,1587,6707,0,0,0,1,0,1,3,0,0,1,1,0,0,0,0,0,1,1,0,0,0,0,1,0,0,1,1,1,0,1,0,0,0,0,0
0,icmp,eco_i,SF,8,0,0,0,0,0,0,0,0,0,0,0,0,0,0,0,0,0,1,1,0,0,0,0,1,0,0,4,2,0.5,0.75,0.5,0,0,0,0,0
0,tcp,private,SH,0,0,0,0,0,0,0,0,0,0,0,0,0,0,0,0,0,0,2,1,1,1,0,0,0.5,1,0,14,1,0.07,0.71,0.5,0,0.5,1,0,0
0,tcp,private,SH,0,0,0,0,0,0,0,0,0,0,0,0,0,0,0,0,0,0,1,1,1,1,0,0,1,0,0,24,1,0.04,0.75,0.67,0,0.67,1,0,0
0,tcp,telnet,SH,0,0,0,0,0,0,0,0,0,0,0,0,0,0,0,0,0,0,1,1,1,1,0,0,1,0,0,34,1,0.03,0.74,0.76,0,0.76,1,0,0
0,tcp,private,SH,0,0,0,0,0,0,0,0,0,0,0,0,0,0,0,0,0,0,1,1,1,1,0,0,1,0,0,44,1,0.02,0.77,0.82,0,0.82,1,0,0
0,tcp,private,SH,0,0,0,0,0,0,0,0,0,0,0,0,0,0,0,0,0,0,1,1,1,1,0,0,1,0,0,54,1,0.02,0.81,0.85,0,0.85,1,0,0
0,tcp,private,SH,0,0,0,0,0,0,0,0,0,0,0,0,0,0,0,0,0,0,1,1,1,1,0,0,1,0,0,64,1,0.02,0.84,0.88,0,0.88,1,0,0
0,tcp,private,SH,0,0,0,0,0,0,0,0,0,0,0,0,0,0,0,0,0,0,1,1,1,1,0,0,1,0,0,74,1,0.01,0.86,0.89,0,0.89,1,0,0
0,tcp,private,SH,0,0,0,0,0,0,0,0,0,0,0,0,0,0,0,0,0,0,1,1,1,1,0,0,1,0,0,84,1,0.01,0.88,0.9,0,0.9,1,0,0
0,tcp,private,SH,0,0,0,0,0,0,0,0,0,0,0,0,0,0,0,0,0,0,1,1,1,1,0,0,1,0,0,94,1,0.01,0.89,0.91,0,0.91,1,0,0
0,tcp,private,SH,0,0,0,0,0,0,0,0,0,0,0,0,0,0,0,0,0,0,1,1,1,1,0,0,1,0,0,104,1,0.01,0.9,0.92,0,0.92,1,0,0
0,tcp,private,SH,0,0,0,0,0,0,0,0,0,0,0,0,0,0,0,0,0,0,1,1,1,1,0,0,1,0,0,114,1,0.01,0.91,0.93,0,0.93,1,0,0
0,tcp,private,SH,0,0,0,0,0,0,0,0,0,0,0,0,0,0,0,0,0,0,1,1,1,1,0,0,1,0,0,124,1,0.01,0.92,0.94,0,0.94,1,0,0
0,tcp,private,SH,0,0,0,0,0,0,0,0,0,0,0,0,0,0,0,0,0,0,1,1,1,1,0,0,1,0,0,134,1,0.01,0.93,0.94,0,0.94,1,0,0
0,tcp,private,SH,0,0,0,0,0,0,0,0,0,0,0,0,0,0,0,0,0,0,1,1,1,1,0,0,1,0,0,144,1,0.01,0.93,0.94,0,0.94,1,0,0
0,tcp,private,SH,0,0,0,0,0,0,0,0,0,0,0,0,0,0,0,0,0,0,1,1,1,1,0,0,1,0,0,154,1,0.01,0.94,0.95,0,0.95,1,0,0
0,tcp,private,SH,0,0,0,0,0,0,0,0,0,0,0,0,0,0,0,0,0,0,1,1,1,1,0,0,1,0,0,164,1,0.01,0.94,0.95,0,0.95,1,0,0
0,tcp,ctf,SH,0,0,0,0,0,0,0,0,0,0,0,0,0,0,0,0,0,0,1,1,1,1,0,0,1,0,0,174,1,0.01,0.94,0.95,0,0.95,1,0,0
0,tcp,private,SH,0,0,0,0,0,0,0,0,0,0,0,0,0,0,0,0,0,0,1,1,1,1,0,0,1,0,0,184,1,0.01,0.95,0.96,0,0.96,1,0,0
0,tcp,private,SH,0,0,0,0,0,0,0,0,0,0,0,0,0,0,0,0,0,0,1,1,1,1,0,0,1,0,0,194,1,0.01,0.95,0.96,0,0.96,1,0,0
0,tcp,private,SH,0,0,0,0,0,0,0,0,0,0,0,0,0,0,0,0,0,0,1,1,1,1,0,0,1,0,0,204,1,0,0.95,0.96,0,0.96,1,0,0
0,tcp,private,SH,0,0,0,0,0,0,0,0,0,0,0,0,0,0,0,0,0,0,1,1,1,1,0,0,1,0,0,214,1,0,0.95,0.96,0,0.96,1,0,0
0,tcp,private,SH,0,0,0,0,0,0,0,0,0,0,0,0,0,0,0,0,0,0,1,1,1,1,0,0,1,0,0,224,1,0,0.96,0.96,0,0.96,1,0,0
0,tcp,private,SH,0,0,0,0,0,0,0,0,0,0,0,0,0,0,0,0,0,0,1,1,1,1,0,0,1,0,0,234,1,0,0.96,0.97,0,0.97,1,0,0
0,tcp,private,SH,0,0,0,0,0,0,0,0,0,0,0,0,0,0,0,0,0,0,1,1,1,1,0,0,1,0,0,244,1,0,0.95,0.97,0,0.97,1,0,0
0,tcp,private,SH,0,0,0,0,0,0,0,0,0,0,0,0,0,0,0,0,0,0,1,1,1,1,0,0,1,0,0,254,1,0,0.96,0.97,0,0.97,1,0,0
0,tcp,private,SH,0,0,0,0,0,0,0,0,0,0,0,0,0,0,0,0,0,0,1,1,1,1,0,0,1,0,0,255,1,0,0.98,1,0,1,1,0,0
0,tcp,private,SH,0,0,0,0,0,0,0,0,0,0,0,0,0,0,0,0,0,0,1,1,1,1,0,0,1,0,0,255,1,0,0.99,1,0,1,1,0,0
0,tcp,private,SH,0,0,0,0,0,0,0,0,0,0,0,0,0,0,0,0,0,0,1,1,1,1,0,0,1,0,0,255,1,0,1,1,0,1,1,0,0
0,tcp,private,SH,0,0,0,0,0,0,0,0,0,0,0,0,0,0,0,0,0,0,1,1,1,1,0,0,1,0,0,255,1,0,1,1,0,1,1,0,0
60,tcp,telnet,SF,2328,4551,0,0,0,3,0,1,1,1,0,0,0,0,0,0,0,0,1,1,0,0,0,0,1,0,0,1,1,1,0,1,0,0,0,0,0
158,tcp,telnet,SF,1567,3095,0,0,0,3,0,1,4,1,0,0,1,0,0,0,0,0,1,1,0,0,0,0,1,0,0,2,2,1,0,0.5,0,0,0,0,0
113,tcp,telnet,SF,6274,16771,0,0,0,5,0,1,2,1,0,0,0,0,0,0,0,0,1,1,0,0,0,0,1,0,0,1,1,1,0,1,0,0,0,0,0
53,tcp,telnet,SF,2628,3860,0,0,0,3,0,1,1,1,0,0,0,0,0,0,0,0,1,1,0,0,0,0,1,0,0,2,2,1,0,0.5,0,0,0,0,0
0,tcp,ftp_data,SF,0,5690,0,0,0,0,0,1,0,0,0,0,0,0,0,0,0,0,1,1,0,0,0,0,1,0,0,1,1,1,0,1,0,0,0,0,0
0,tcp,ftp_data,SF,0,5828,0,0,0,0,0,1,0,0,0,0,0,0,0,0,0,0,2,2,0,0,0,0,1,0,0,2,2,1,0,1,0,0,0,0,0
0,tcp,ftp_data,SF,0,5020,0,0,0,0,0,1,0,0,0,0,0,0,0,0,0,0,3,3,0,0,0,0,1,0,0,3,3,1,0,1,0,0,0,0,0
0,tcp,ftp_data,SF,0,2072,0,0,0,1,0,1,0,1,0,0,0,0,0,0,0,0,3,3,0,0,0,0,1,0,0,4,4,1,0,1,0,0,0,0,0
7,tcp,ftp,SF,226,698,0,0,0,4,0,1,0,0,0,0,4,0,0,0,0,0,1,1,0,0,0,0,1,0,0,1,1,1,0,1,0,0,0,0,0
169,tcp,telnet,SF,1567,2857,0,0,0,3,0,1,4,1,0,0,1,0,0,0,0,0,1,1,0,0,0,0,1,0,0,1,1,1,0,1,0,0,0,0,0
179,tcp,telnet,SF,1559,2855,0,0,0,3,0,1,4,1,0,0,1,0,0,0,0,0,1,1,0,0,0,0,1,0,0,2,2,1,0,0.5,0,0,0,0,0
49,tcp,telnet,SF,2402,3939,0,0,0,4,0,1,2,1,0,0,0,0,0,0,0,0,1,1,0,0,0,0,1,0,0,1,2,1,0,1,1,0,0,0,0
290,tcp,telnet,SF,415,70529,0,0,0,3,0,1,4,0,0,4,4,0,0,0,0,0,1,1,0,0,0,0,1,0,0,1,1,1,0,1,0,0,0,0,0
31,tcp,telnet,SF,137,1351,0,0,0,0,0,1,0,0,0,0,1,0,0,0,0,0,1,1,0,0,0,0,1,0,0,2,2,1,0,0.5,0,0,0,0,0
0,tcp,ftp_data,SF,0,5696,0,0,0,0,0,1,0,0,0,0,0,0,0,0,0,0,1,1,0,0,0,0,1,0,0,1,81,1,0,1,0.02,0,0,0,0
0,tcp,ftp_data,SF,0,5928,0,0,0,0,0,1,0,0,0,0,0,0,0,0,0,0,2,2,0,0,0,0,1,0,0,2,82,1,0,1,0.02,0,0,0,0
0,tcp,ftp_data,SF,0,5020,0,0,0,0,0,1,0,0,0,0,0,0,0,0,0,0,3,3,0,0,0,0,1,0,0,3,83,1,0,1,0.02,0,0,0,0
0,tcp,ftp_data,SF,0,2072,0,0,0,1,0,1,0,1,0,0,0,0,0,0,0,0,3,3,0,0,0,0,1,0,0,4,84,1,0,1,0.02,0,0,0,0
31,tcp,telnet,SF,2402,3814,0,0,0,3,0,1,2,1,0,0,0,0,0,0,0,0,1,1,0,0,0,0,1,0,0,2,2,1,0,0.5,0,0,0,0,0
33,tcp,telnet,SF,2402,3815,0,0,0,3,0,1,2,1,0,0,0,0,0,0,0,0,1,1,0,0,0,0,1,0,0,3,3,1,0,0.33,0,0,0,0,0
162,tcp,telnet,SF,1567,2738,0,0,0,3,0,1,4,1,0,0,1,0,0,0,0,0,1,1,0,0,0,0,1,0,0,4,4,1,0,0.25,0,0,0,0,0
127,tcp,telnet,SF,1567,2736,0,0,0,1,0,1,0,0,0,0,1,0,0,0,0,0,83,1,0.99,0,0,0,0.01,0.08,0,5,5,1,0,0.2,0,0,0,0,0
321,tcp,telnet,RSTO,1506,1887,0,0,0,0,0,1,0,0,0,0,1,0,0,0,0,0,151,1,0.99,0,0.01,1,0.01,0.06,0,6,6,1,0,0.17,0,0,0,0.17,0.17
45,tcp,telnet,SF,2336,4201,0,0,0,3,0,1,1,1,0,0,0,0,0,0,0,0,2,1,0,0,0.5,0,0.5,1,0,7,7,1,0,0.14,0,0,0,0.14,0.14
176,tcp,telnet,SF,1559,2732,0,0,0,3,0,1,4,1,0,0,1,0,0,0,0,0,1,1,0,0,0,0,1,0,0,8,8,1,0,0.12,0,0,0,0.12,0.12
61,tcp,telnet,SF,2336,4194,0,0,0,3,0,1,1,1,0,0,0,0,0,0,0,0,1,1,0,0,0,0,1,0,0,9,9,1,0,0.11,0,0,0,0.11,0.11
47,tcp,telnet,SF,2402,3816,0,0,0,3,0,1,2,1,0,0,0,0,0,0,0,0,1,1,0,0,0,0,1,0,0,10,10,1,0,0.1,0,0,0,0.1,0.1
